Pclass,Sex,Age,SibSp,Parch,Fare,Group_Size,Fare_per_person,Embarked_C,Embarked_Q,Embarked_S,Title_Master,Title_Miss,Title_Mr,Title_Mrs,Title_Other
3,0,-0.08113533197997112,-0.46508427634374117,-0.46618317148792077,0.5138115038918489,3.82691798637558,-0.4486542792575084,False,False,True,0.0,0.0,1.0,0.0,0.0
2,0,-0.08113533197997112,-0.46508427634374117,-0.46618317148792077,-0.6625632269369692,-0.5761505936934956,-0.8199449842843488,False,False,True,0.0,0.0,1.0,0.0,0.0
1,0,-0.08113533197997112,-0.46508427634374117,-0.46618317148792077,3.9553985809041556,-0.5761505936934956,9.382793780332143,False,False,True,0.0,0.0,1.0,0.0,0.0
3,1,-0.8878271899997933,-0.46508427634374117,0.7277823612437324,-0.4678743521312413,-0.5761505936934956,-0.38980722813244545,False,False,True,0.0,0.0,0.0,1.0,0.0
2,1,0.11093415802474844,0.4783345406270387,0.7277823612437324,-0.11597681371233177,0.8915389329961962,-0.417409650987113,False,False,True,0.0,0.0,0.0,1.0,0.0
3,0,-0.6573438019941298,-0.46508427634374117,-0.46618317148792077,-0.48696219079802316,-0.5761505936934956,-0.43197912985056847,False,False,True,0.0,0.0,1.0,0.0,0.0
3,0,-0.2732048219846907,-0.46508427634374117,-0.46618317148792077,0.5138115038918489,3.82691798637558,-0.4486542792575084,False,False,True,0.0,0.0,1.0,0.0,0.0
1,0,-0.08113533197997112,-0.46508427634374117,-0.46618317148792077,4.075039579498675,1.6253836963410422,1.7968222073857532,True,False,False,0.0,0.0,1.0,0.0,0.0
3,0,-0.08113533197997112,-0.46508427634374117,-0.46618317148792077,-0.5011900954135049,-0.5761505936934956,-0.46341368907822567,False,True,False,0.0,0.0,1.0,0.0,0.0
3,1,0.11093415802474844,0.4783345406270387,-0.46618317148792077,-0.2877611150115036,-0.5761505936934956,0.008127701355679074,False,False,True,0.0,0.0,0.0,1.0,0.0
1,0,2.0316290580719443,-0.46508427634374117,-0.46618317148792077,0.07662982713825477,-0.5761505936934956,0.8131983679501507,True,False,False,0.0,0.0,0.0,0.0,1.0
3,1,-0.6573438019941298,0.4783345406270387,-0.46618317148792077,-0.45798374084431925,-0.5761505936934956,-0.3679553100391669,False,False,True,0.0,1.0,0.0,0.0,0.0
3,0,-0.08113533197997112,7.082266259422497,1.9217478939753856,0.7856304888639273,3.82691798637558,-0.3628620058219366,False,False,True,0.0,0.0,1.0,0.0,0.0
1,0,2.0316290580719443,-0.46508427634374117,-0.46618317148792077,-0.10973011184690733,-0.5761505936934956,0.40146222703469236,False,False,True,0.0,0.0,1.0,0.0,0.0
3,0,-0.6573438019941298,-0.46508427634374117,-0.46618317148792077,-0.5001489784359341,-0.5761505936934956,-0.46111348717367,False,False,True,0.0,0.0,1.0,0.0,0.0
1,1,0.2645897500285241,0.4783345406270387,-0.46618317148792077,1.2114473326903592,0.1576941696513503,1.2502367298157209,False,True,False,0.0,1.0,0.0,0.0,0.0
3,0,-0.6573438019941298,-0.46508427634374117,-0.46618317148792077,-0.5015378284840135,-0.5761505936934956,-0.4641819565143473,False,True,False,0.0,0.0,1.0,0.0,0.0
3,0,-0.08113533197997112,-0.46508427634374117,-0.46618317148792077,-0.5116012651892122,-0.5761505936934956,-0.486415708123782,False,False,True,0.0,0.0,1.0,0.0,0.0
3,0,1.0328677100474024,-0.46508427634374117,-0.46618317148792077,-0.5282591368303441,-0.5761505936934956,-0.5232189385966721,False,False,True,0.0,0.0,1.0,0.0,0.0
3,1,-0.08113533197997112,2.3651721745685985,0.7277823612437324,-0.13228695228295498,1.6253836963410422,-0.5270522250706141,False,False,True,0.0,1.0,0.0,0.0,0.0
3,0,0.03410636202286062,0.4783345406270387,-0.46618317148792077,-0.32732356015919156,0.1576941696513503,-0.44961247765089185,False,False,True,0.0,0.0,1.0,0.0,0.0
1,1,0.18776195402663626,-0.46508427634374117,-0.46618317148792077,0.9260084554177004,-0.5761505936934956,2.689781288551391,True,False,False,0.0,1.0,0.0,0.0,0.0
1,1,-0.08113533197997112,-0.46508427634374117,-0.46618317148792077,0.9865660655350799,-0.5761505936934956,2.823574832531774,True,False,False,0.0,0.0,0.0,1.0,0.0
2,0,-0.8109993939979054,-0.46508427634374117,-0.46618317148792077,-0.44392866164711425,-0.5761505936934956,-0.33690258432766584,False,False,True,0.0,0.0,1.0,0.0,0.0
3,0,-0.42686041398846636,-0.46508427634374117,-0.46618317148792077,-0.49815419830690855,-0.5761505936934956,-0.4567063003245414,False,False,True,0.0,0.0,1.0,0.0,0.0
2,1,1.186523302051178,-0.46508427634374117,-0.46618317148792077,-0.38146164299287,-0.5761505936934956,-0.1988904700543279,False,False,True,0.0,0.0,0.0,1.0,0.0
3,0,-0.5036882099903541,-0.46508427634374117,-0.46618317148792077,-0.49815419830690855,-0.5761505936934956,-0.4567063003245414,False,False,True,0.0,0.0,1.0,0.0,0.0
3,0,0.9560399140455145,-0.46508427634374117,0.7277823612437324,-0.48756812087896934,-0.5761505936934956,-0.4333178473590198,False,False,True,0.0,0.0,1.0,0.0,0.0
1,1,0.7255565260398511,0.4783345406270387,0.7277823612437324,1.0689871321814448,-0.5761505936934956,3.0056726165078245,True,False,False,0.0,1.0,0.0,0.0,0.0
3,0,-1.041482782003569,-0.46508427634374117,-0.46618317148792077,-0.4949433935480804,-0.5761505936934956,-0.44961247765089185,False,False,True,0.0,0.0,1.0,0.0,0.0
3,0,-0.08113533197997112,-0.46508427634374117,-0.46618317148792077,-0.49815419830690855,-0.5761505936934956,-0.4567063003245414,False,False,True,0.0,0.0,1.0,0.0,0.0
2,0,2.799907018090822,-0.46508427634374117,-0.46618317148792077,-0.44392866164711425,-0.5761505936934956,-0.33690258432766584,False,False,True,0.0,0.0,1.0,0.0,0.0
1,0,-0.11954922998091504,-0.46508427634374117,-0.46618317148792077,-0.10973011184690733,-0.5761505936934956,0.40146222703469236,False,False,True,0.0,0.0,1.0,0.0,0.0
2,0,1.647490078062505,-0.46508427634374117,-0.46618317148792077,-0.40176342405549936,-0.5761505936934956,-0.2437444071931627,False,False,True,0.0,0.0,0.0,0.0,1.0
2,0,1.3401788940549537,-0.46508427634374117,-0.46618317148792077,-0.35022813366574784,-0.5761505936934956,-0.1298844129176589,False,False,True,0.0,0.0,1.0,0.0,0.0
3,0,-0.8878271899997933,-0.46508427634374117,-0.46618317148792077,-0.4949433935480804,-0.5761505936934956,-0.44961247765089185,False,False,True,0.0,0.0,1.0,0.0,0.0
2,0,0.49507313803418757,-0.46508427634374117,-0.46618317148792077,-0.3918728127685774,-0.5761505936934956,-0.2218924890998842,False,False,True,0.0,0.0,1.0,0.0,0.0
2,1,0.03410636202286062,-0.46508427634374117,-0.46618317148792077,-0.3918728127685774,-0.5761505936934956,-0.2218924890998842,False,False,True,0.0,1.0,0.0,0.0,0.0
2,1,-0.580516005992242,0.4783345406270387,0.7277823612437324,-0.058715379945941185,0.1576941696513503,-0.15288643196321522,False,False,True,0.0,0.0,0.0,1.0,0.0
3,1,-0.08113533197997112,-0.46508427634374117,-0.46618317148792077,-0.5011900954135049,-0.5761505936934956,-0.46341368907822567,False,True,False,0.0,1.0,0.0,0.0,0.0
2,0,-0.35003261798657853,-0.46508427634374117,-0.46618317148792077,-0.3918728127685774,-0.5761505936934956,-0.2218924890998842,False,False,True,0.0,0.0,1.0,0.0,0.0
3,0,-0.08113533197997112,-0.46508427634374117,-0.46618317148792077,-0.5120343698518817,-0.5761505936934956,-0.4873725921160772,True,False,False,0.0,0.0,1.0,0.0,0.0
2,1,0.18776195402663626,-0.46508427634374117,-0.46618317148792077,-0.3918728127685774,-0.5761505936934956,-0.2218924890998842,False,False,True,0.0,0.0,0.0,1.0,0.0
3,0,-0.08113533197997112,-0.46508427634374117,-0.46618317148792077,-0.5006695369247195,-0.5761505936934956,-0.46226358812594787,False,False,True,0.0,0.0,1.0,0.0,0.0
3,1,-0.8109993939979054,0.4783345406270387,-0.46618317148792077,-0.4990204076322475,-0.5761505936934956,-0.4586200683091318,False,False,True,0.0,1.0,0.0,0.0,0.0
1,0,1.7243178740643927,-0.46508427634374117,-0.46618317148792077,-0.02748187061881904,-0.5761505936934956,0.5831781774945873,False,False,True,0.0,0.0,0.0,0.0,1.0
1,0,3.1840459981002613,-0.46508427634374117,-0.46618317148792077,0.05901829234566822,-0.5761505936934956,0.7742881525326877,True,False,False,0.0,0.0,1.0,0.0,0.0
3,0,0.18776195402663626,-0.46508427634374117,-0.46618317148792077,-0.4975461859920073,-0.5761505936934956,-0.45536298241228096,False,False,True,0.0,0.0,1.0,0.0,0.0
3,0,-0.8109993939979054,-0.46508427634374117,-0.46618317148792077,-0.5032723293686463,-0.5761505936934956,-0.4680140928873369,False,False,True,0.0,0.0,1.0,0.0,0.0
3,0,-0.08113533197997112,0.4783345406270387,-0.46618317148792077,-0.33981696389004046,0.1576941696513503,-0.46341368907822567,False,True,False,0.0,0.0,1.0,0.0,0.0
3,1,-0.580516005992242,-0.46508427634374117,-0.46618317148792077,-0.4577234615999265,-0.5761505936934956,-0.367380259563028,False,False,True,0.0,1.0,0.0,0.0,0.0
1,0,1.570662282060617,0.4783345406270387,-0.46618317148792077,0.5014055539871158,0.1576941696513503,0.46586788036225,False,False,True,0.0,0.0,1.0,0.0,0.0
3,0,-1.963416334026223,2.3651721745685985,1.9217478939753856,-0.08161995345249745,3.0930732230307343,-0.606026207160675,False,False,True,1.0,0.0,0.0,0.0,0.0
1,1,0.49507313803418757,0.4783345406270387,1.9217478939753856,1.836117519232802,1.6253836963410422,0.560176158449031,False,False,True,0.0,0.0,0.0,1.0,0.0
1,0,-0.8109993939979054,0.4783345406270387,-0.46618317148792077,0.4431030032431546,-0.5761505936934956,1.6228694383537334,False,False,True,0.0,0.0,1.0,0.0,0.0
1,1,0.03410636202286062,-0.46508427634374117,-0.46618317148792077,-0.017070700843111658,0.1576941696513503,-0.10688239387210258,True,False,False,0.0,1.0,0.0,0.0,0.0
3,0,-0.08113533197997112,-0.46508427634374117,-0.46618317148792077,0.5138115038918489,3.82691798637558,-0.4486542792575084,False,False,True,0.0,0.0,1.0,0.0,0.0
3,0,0.03410636202286062,-0.46508427634374117,-0.46618317148792077,-0.5116012651892122,-0.5761505936934956,-0.486415708123782,False,False,True,0.0,0.0,1.0,0.0,0.0
3,0,-0.6573438019941298,-0.46508427634374117,-0.46618317148792077,-0.4949433935480804,-0.5761505936934956,-0.44961247765089185,False,False,True,0.0,0.0,1.0,0.0,0.0
2,0,0.03410636202286062,0.4783345406270387,-0.46618317148792077,-0.162827077703015,0.1576941696513503,-0.2678965271909969,True,False,False,0.0,0.0,1.0,0.0,0.0
2,1,-0.8878271899997933,-0.46508427634374117,0.7277823612437324,-0.18364941725442976,0.1576941696513503,-0.2908985462365532,False,False,True,0.0,1.0,0.0,0.0,0.0
3,0,-0.8109993939979054,-0.46508427634374117,-0.46618317148792077,-0.6625632269369692,1.6253836963410422,-0.8199449842843488,False,False,True,0.0,0.0,1.0,0.0,0.0
1,1,0.6487287300379633,-0.46508427634374117,-0.46618317148792077,4.075039579498675,1.6253836963410422,1.7968222073857532,True,False,False,0.0,1.0,0.0,0.0,0.0
3,0,-1.502449558014896,2.3651721745685985,1.9217478939753856,-0.08161995345249745,3.0930732230307343,-0.606026207160675,False,False,True,1.0,0.0,0.0,0.0,0.0
2,0,-0.08113533197997112,-0.46508427634374117,-0.46618317148792077,-0.6625632269369692,-0.5761505936934956,-0.8199449842843488,False,False,True,0.0,0.0,1.0,0.0,0.0
3,1,-0.0427214339790272,0.4783345406270387,0.7277823612437324,-0.4447094993802923,0.1576941696513503,-0.5792863600202157,False,False,True,0.0,0.0,0.0,1.0,0.0
3,0,-0.08113533197997112,-0.46508427634374117,-0.46618317148792077,-0.5102998689672489,-0.5761505936934956,-0.48354045574308746,False,False,True,0.0,0.0,1.0,0.0,0.0
3,0,-0.11954922998091504,0.4783345406270387,-0.46618317148792077,-0.3325291450470453,0.1576941696513503,-0.45536298241228096,False,False,True,0.0,0.0,1.0,0.0,0.0
3,1,0.7255565260398511,0.4783345406270387,5.503644492170345,-0.01134455746647263,3.82691798637558,-0.614405514098699,False,False,True,0.0,0.0,0.0,1.0,0.0
3,1,-2.1170719260299986,-0.46508427634374117,0.7277823612437324,-0.4447094993802923,0.1576941696513503,-0.5792863600202157,False,False,True,0.0,1.0,0.0,0.0,0.0
2,0,0.03410636202286062,-0.46508427634374117,-0.46618317148792077,-0.44392866164711425,-0.5761505936934956,-0.33690258432766584,False,False,True,0.0,0.0,1.0,0.0,0.0
3,0,-0.35003261798657853,-0.46508427634374117,-0.46618317148792077,-0.5121218236779976,-0.5761505936934956,-0.48756580907605984,True,False,False,0.0,0.0,1.0,0.0,0.0
3,0,-1.1951383740073447,3.3085909915393783,0.7277823612437324,0.1638233740098041,3.0930732230307343,-0.5156474406608432,False,False,True,0.0,0.0,1.0,0.0,0.0
1,1,0.41824534203229974,0.4783345406270387,-0.46618317148792077,0.4201984297365983,0.1576941696513503,0.37616000608458033,False,False,True,0.0,0.0,0.0,1.0,0.0
1,0,-0.9646549860016811,-0.46508427634374117,1.9217478939753856,1.6462864962444193,1.6253836963410422,0.4553249049327193,True,False,False,0.0,0.0,1.0,0.0,0.0
3,0,-0.08113533197997112,-0.46508427634374117,-0.46618317148792077,-0.5017106539022903,-0.5761505936934956,-0.4645637900305035,False,True,False,0.0,0.0,1.0,0.0,0.0
3,1,-0.8878271899997933,-0.46508427634374117,-0.46618317148792077,-0.5220124349649197,-0.5761505936934956,-0.5094177271693383,False,True,False,0.0,1.0,0.0,0.0,0.0
3,1,-0.5036882099903541,-0.46508427634374117,-0.46618317148792077,-0.5053545633237878,-0.5761505936934956,-0.47261449669644817,False,False,True,0.0,1.0,0.0,0.0,0.0
3,0,1.570662282060617,-0.46508427634374117,-0.46618317148792077,-0.4949433935480804,-0.5761505936934956,-0.44961247765089185,False,False,True,0.0,0.0,1.0,0.0,0.0
1,1,-0.6573438019941298,1.4217533575978185,1.9217478939753856,4.800698112865479,0.1576941696513503,5.215209762793493,True,False,False,0.0,1.0,0.0,0.0,0.0
1,1,2.1852846500757197,-0.46508427634374117,-0.46618317148792077,2.3883426220079627,0.1576941696513503,2.5503292478858013,True,False,False,0.0,1.0,0.0,0.0,0.0
2,1,-2.0402441300281104,0.4783345406270387,1.9217478939753856,0.2032129937392154,0.8915389329961962,-0.18234128408501832,True,False,False,0.0,1.0,0.0,0.0,0.0
2,1,-1.2719661700092324,-0.46508427634374117,0.7277823612437324,-0.25652760568438143,0.1576941696513503,-0.3714056128960004,False,False,True,0.0,1.0,0.0,0.0,0.0
2,0,2.108456854073832,-0.46508427634374117,-0.46618317148792077,-0.40540733347699703,-0.5761505936934956,-0.25179511385910747,False,True,False,0.0,0.0,0.0,0.0,1.0
2,0,-1.041482782003569,-0.46508427634374117,-0.46618317148792077,-0.12118239860018547,0.1576941696513503,-0.2218924890998842,False,False,True,0.0,0.0,1.0,0.0,0.0
3,1,-0.08113533197997112,-0.46508427634374117,-0.46618317148792077,-0.5011900954135049,-0.5761505936934956,-0.46341368907822567,False,True,False,0.0,1.0,0.0,0.0,0.0
2,0,2.3389402420794956,0.4783345406270387,0.7277823612437324,0.14950801556820642,0.1576941696513503,0.07713375849234806,False,False,True,0.0,0.0,1.0,0.0,0.0
1,0,-0.580516005992242,-0.46508427634374117,-0.46618317148792077,2.1616394001419343,0.8915389329961962,1.2599481822567544,True,False,False,0.0,0.0,1.0,0.0,0.0
2,0,0.03410636202286062,-0.46508427634374117,-0.46618317148792077,-0.3918728127685774,-0.5761505936934956,-0.2218924890998842,False,False,True,0.0,0.0,1.0,0.0,0.0
3,0,-0.9646549860016811,-0.46508427634374117,-0.46618317148792077,-0.48218971057283894,-0.5761505936934956,-0.4214350043200854,False,False,True,0.0,0.0,1.0,0.0,0.0
3,0,-0.35003261798657853,-0.46508427634374117,-0.46618317148792077,-0.49815419830690855,-0.5761505936934956,-0.4567063003245414,False,False,True,0.0,0.0,1.0,0.0,0.0
3,0,-0.19637702598280285,-0.46508427634374117,-0.46618317148792077,-0.48218971057283894,-0.5761505936934956,-0.4214350043200854,False,False,True,0.0,0.0,1.0,0.0,0.0
3,0,0.49507313803418757,-0.46508427634374117,-0.46618317148792077,-0.6625632269369692,1.6253836963410422,-0.8199449842843488,False,False,True,0.0,0.0,1.0,0.0,0.0
3,1,-0.08113533197997112,-0.46508427634374117,-0.46618317148792077,-0.4949433935480804,-0.5761505936934956,-0.44961247765089185,False,False,True,0.0,0.0,0.0,1.0,0.0
3,1,-0.08113533197997112,-0.46508427634374117,-0.46618317148792077,-0.5120343698518817,-0.5761505936934956,-0.4873725921160772,True,False,False,0.0,0.0,0.0,1.0,0.0
3,0,-0.0427214339790272,-0.46508427634374117,-0.46618317148792077,-0.46509873426903764,-0.5761505936934956,-0.3836748898549001,False,False,True,0.0,0.0,1.0,0.0,0.0
1,1,0.03410636202286062,-0.46508427634374117,-0.46618317148792077,1.5534542598223466,0.1576941696513503,1.6280448926389834,True,False,False,0.0,1.0,0.0,0.0,0.0
3,0,-0.08113533197997112,-0.46508427634374117,-0.46618317148792077,-0.4949433935480804,-0.5761505936934956,-0.44961247765089185,False,False,True,0.0,0.0,1.0,0.0,0.0
1,0,1.647490078062505,-0.46508427634374117,0.7277823612437324,0.6154953168572276,-0.5761505936934956,2.003746070517673,True,False,False,0.0,0.0,1.0,0.0,0.0
3,1,-1.041482782003569,-0.46508427634374117,-0.46618317148792077,-0.5015378284840135,-0.5761505936934956,-0.4641819565143473,False,True,False,0.0,1.0,0.0,0.0,0.0
3,1,-0.08113533197997112,-0.46508427634374117,-0.46618317148792077,-0.5011900954135049,-0.5761505936934956,-0.46341368907822567,False,True,False,0.0,1.0,0.0,0.0,0.0
3,1,-2.1938997220318863,-0.46508427634374117,1.9217478939753856,-0.3347842044204636,0.1576941696513503,-0.4578541010749147,True,False,False,0.0,1.0,0.0,0.0,0.0
3,0,-0.580516005992242,-0.46508427634374117,-0.46618317148792077,-0.5002364322620501,-0.5761505936934956,-0.4613067041336527,False,False,True,0.0,0.0,1.0,0.0,0.0
3,1,-0.08113533197997112,0.4783345406270387,0.7277823612437324,-0.1970111125445726,0.1576941696513503,-0.30565894185808673,True,False,False,0.0,1.0,0.0,0.0,0.0
3,0,-1.7329329460205594,3.3085909915393783,0.7277823612437324,-0.05611258750201434,2.3592284596858883,-0.5519714624036176,False,True,False,1.0,0.0,0.0,0.0,0.0
1,0,-0.08113533197997112,-0.46508427634374117,-0.46618317148792077,-0.02748187061881904,-0.5761505936934956,0.5831781774945873,False,False,True,0.0,0.0,1.0,0.0,0.0
3,0,-0.08113533197997112,0.4783345406270387,-0.46618317148792077,-0.5011900954135049,-0.5761505936934956,-0.46341368907822567,False,True,False,0.0,0.0,1.0,0.0,0.0
1,1,0.2645897500285241,0.4783345406270387,-0.46618317148792077,0.4431030032431546,0.1576941696513503,0.40146222703469236,False,False,True,0.0,0.0,0.0,1.0,0.0
3,0,-1.7329329460205594,3.3085909915393783,0.7277823612437324,0.1638233740098041,3.0930732230307343,-0.5156474406608432,False,False,True,1.0,0.0,0.0,0.0,0.0
3,0,0.18776195402663626,-0.46508427634374117,-0.46618317148792077,-0.5011900954135049,-0.5761505936934956,-0.46341368907822567,False,True,False,0.0,0.0,1.0,0.0,0.0
2,0,1.570662282060617,-0.46508427634374117,-0.46618317148792077,-0.3918728127685774,-0.5761505936934956,-0.2218924890998842,False,False,True,0.0,0.0,1.0,0.0,0.0
2,0,2.2621124460776074,-0.46508427634374117,-0.46618317148792077,-0.38146164299287,-0.5761505936934956,-0.1988904700543279,False,False,True,0.0,0.0,1.0,0.0,0.0
1,0,-0.11954922998091504,0.4783345406270387,-0.46618317148792077,1.0484250718744228,0.1576941696513503,1.0701493223042513,True,False,False,0.0,0.0,1.0,0.0,0.0
3,0,-0.08113533197997112,-0.46508427634374117,-0.46618317148792077,-0.4949433935480804,-0.5761505936934956,-0.44961247765089185,False,False,True,0.0,0.0,1.0,0.0,0.0
1,0,2.3389402420794956,-0.46508427634374117,-0.46618317148792077,-0.10973011184690733,-0.5761505936934956,0.40146222703469236,False,False,True,0.0,0.0,0.0,0.0,1.0
3,1,-0.9646549860016811,-0.46508427634374117,-0.46618317148792077,-0.36150759500074925,0.1576941696513503,-0.4873748923179817,True,False,False,0.0,1.0,0.0,0.0,0.0
2,0,0.22617585202758017,0.4783345406270387,-0.46618317148792077,-0.03641881875428629,0.1576941696513503,-0.12825586996923355,True,False,False,0.0,0.0,1.0,0.0,0.0
1,1,-0.6573438019941298,-0.46508427634374117,-0.46618317148792077,0.9607109665140879,0.8915389329961962,0.37552054995511375,False,False,True,0.0,1.0,0.0,0.0,0.0
3,0,-2.0402441300281104,3.3085909915393783,1.9217478939753856,-0.009002044266938455,1.6253836963410422,-0.4589570478881491,False,False,True,1.0,0.0,0.0,0.0,0.0
2,0,-0.8109993939979054,-0.46508427634374117,-0.46618317148792077,-0.44392866164711425,-0.5761505936934956,-0.33690258432766584,False,False,True,0.0,0.0,1.0,0.0,0.0
2,1,-0.42686041398846636,1.4217533575978185,3.1157134267070385,-0.2721443603479425,0.8915389329961962,-0.5324197462148946,False,False,True,0.0,0.0,0.0,1.0,0.0
1,1,-0.8878271899997933,-0.46508427634374117,1.9217478939753856,0.9959361183332165,0.8915389329961962,0.40146222703469236,False,False,True,0.0,1.0,0.0,0.0,0.0
1,1,1.4938344860587294,-0.46508427634374117,-0.46618317148792077,-0.1226566202404256,-0.5761505936934956,0.37290292018772964,False,False,True,0.0,0.0,0.0,0.0,1.0
3,1,0.8792121180436268,-0.46508427634374117,1.9217478939753856,-0.24169168875399843,0.1576941696513503,-0.3550166743260415,False,False,True,0.0,0.0,0.0,1.0,0.0
3,0,0.03410636202286062,-0.46508427634374117,-0.46618317148792077,-0.464751001198529,-0.5761505936934956,-0.38290662241877854,False,False,True,0.0,0.0,1.0,0.0,0.0
3,0,2.2621124460776074,-0.46508427634374117,-0.46618317148792077,-0.5116012651892122,-0.5761505936934956,-0.486415708123782,False,False,True,0.0,0.0,1.0,0.0,0.0
3,1,-1.963416334026223,-0.46508427634374117,0.7277823612437324,-0.3831961438775028,-0.5761505936934956,-0.20272260642731754,True,False,False,0.0,1.0,0.0,0.0,0.0
3,1,-0.08113533197997112,-0.46508427634374117,1.9217478939753856,-0.3451100026040101,0.1576941696513503,-0.4692608023196061,True,False,False,0.0,0.0,0.0,1.0,0.0
3,0,1.647490078062505,-0.46508427634374117,-0.46618317148792077,-0.5011900954135049,-0.5761505936934956,-0.46341368907822567,False,False,True,0.0,0.0,1.0,0.0,0.0
2,1,1.186523302051178,0.4783345406270387,0.7277823612437324,-0.11597681371233177,0.8915389329961962,-0.417409650987113,False,False,True,0.0,0.0,0.0,1.0,0.0
3,0,-0.8878271899997933,0.4783345406270387,0.7277823612437324,-0.24169168875399843,0.1576941696513503,-0.3550166743260415,False,False,True,0.0,0.0,1.0,0.0,0.0
3,1,-0.08113533197997112,7.082266259422497,1.9217478939753856,0.7856304888639273,3.82691798637558,-0.3628620058219366,False,False,True,0.0,1.0,0.0,0.0,0.0
3,1,-0.08113533197997112,0.4783345406270387,-0.46618317148792077,-0.33981696389004046,0.1576941696513503,-0.46341368907822567,False,True,False,0.0,1.0,0.0,0.0,0.0
2,0,-0.11954922998091504,-0.46508427634374117,0.7277823612437324,0.024573978259717865,0.8915389329961962,-0.3139005652821095,False,False,True,0.0,0.0,0.0,0.0,1.0
3,0,1.9932151600710002,-0.46508427634374117,-0.46618317148792077,-0.4949433935480804,-0.5761505936934956,-0.44961247765089185,False,False,True,0.0,0.0,1.0,0.0,0.0
1,0,-0.42686041398846636,-0.46508427634374117,0.7277823612437324,4.491398916700854,0.1576941696513503,4.87353317148699,True,False,False,0.0,0.0,1.0,0.0,0.0
1,0,-0.08113533197997112,-0.46508427634374117,-0.46618317148792077,-0.6625632269369692,-0.5761505936934956,-0.8199449842843488,False,False,True,0.0,0.0,1.0,0.0,0.0
3,1,-0.08113533197997112,0.4783345406270387,-0.46618317148792077,-0.32732356015919156,-0.5761505936934956,-0.07927997101743492,False,False,True,0.0,0.0,0.0,1.0,0.0
3,0,-0.08113533197997112,0.4783345406270387,1.9217478939753856,-0.17427936445629313,0.1576941696513503,-0.2805476376660529,False,False,True,0.0,0.0,1.0,0.0,0.0
3,0,-0.08113533197997112,7.082266259422497,1.9217478939753856,0.7856304888639273,3.82691798637558,-0.3628620058219366,False,False,True,1.0,0.0,0.0,0.0,0.0
2,1,-0.0427214339790272,0.4783345406270387,-0.46618317148792077,-0.12118239860018547,-0.5761505936934956,0.37616000608458033,False,False,True,0.0,0.0,0.0,1.0,0.0
1,1,2.1852846500757197,-0.46508427634374117,0.7277823612437324,2.5328850564720184,0.8915389329961962,1.5333532475681102,False,False,True,0.0,0.0,0.0,1.0,0.0
3,1,-0.2732048219846907,-0.46508427634374117,-0.46618317148792077,-0.4975461859920073,-0.5761505936934956,-0.45536298241228096,False,False,True,0.0,1.0,0.0,0.0,0.0
1,1,1.1096955060492901,-0.46508427634374117,0.7277823612437324,0.5446993623824175,0.1576941696513503,0.5136936783617707,True,False,False,0.0,0.0,0.0,1.0,0.0
3,0,-0.08113533197997112,-0.46508427634374117,-0.46618317148792077,-0.5121218236779976,-0.5761505936934956,-0.48756580907605984,True,False,False,0.0,0.0,1.0,0.0,0.0
3,0,0.18776195402663626,-0.46508427634374117,-0.46618317148792077,-0.4884364124382633,-0.5761505936934956,-0.43523621574741916,False,False,True,0.0,0.0,1.0,0.0,0.0
2,0,-0.2732048219846907,-0.46508427634374117,-0.46618317148792077,-0.44392866164711425,-0.5761505936934956,-0.33690258432766584,False,False,True,0.0,0.0,1.0,0.0,0.0
3,0,-1.041482782003569,-0.46508427634374117,-0.46618317148792077,-0.4949433935480804,-0.5761505936934956,-0.44961247765089185,False,False,True,0.0,0.0,1.0,0.0,0.0
3,0,-0.8109993939979054,-0.46508427634374117,-0.46618317148792077,-0.5006695369247195,-0.5761505936934956,-0.46226358812594787,False,False,True,0.0,0.0,1.0,0.0,0.0
3,0,-0.08113533197997112,-0.46508427634374117,-0.46618317148792077,-0.49815419830690855,-0.5761505936934956,-0.4567063003245414,False,False,True,0.0,0.0,1.0,0.0,0.0
3,0,1.4170066900568414,-0.46508427634374117,-0.46618317148792077,-0.4990204076322475,-0.5761505936934956,-0.4586200683091318,False,False,True,0.0,0.0,1.0,0.0,0.0
3,0,-0.08113533197997112,-0.46508427634374117,-0.46618317148792077,-0.5011900954135049,-0.5761505936934956,-0.46341368907822567,False,True,False,0.0,0.0,1.0,0.0,0.0
3,0,-1.5792773540167837,4.252009808510158,1.9217478939753856,0.314004498024383,3.0930732230307343,-0.46034675320548485,False,False,True,1.0,0.0,0.0,0.0,0.0
1,1,0.41824534203229974,0.4783345406270387,-0.46618317148792077,1.0755815671173778,0.1576941696513503,1.1001485555434656,False,False,True,0.0,0.0,0.0,1.0,0.0
3,0,-1.3487939660111203,0.4783345406270387,-0.46618317148792077,-0.42848473240183,0.1576941696513503,-0.5613631867799181,True,False,False,1.0,0.0,0.0,0.0,0.0
3,1,0.11093415802474844,-0.46508427634374117,-0.46618317148792077,-0.4990204076322475,-0.5761505936934956,-0.4586200683091318,False,False,True,0.0,1.0,0.0,0.0,0.0
2,1,-0.19637702598280285,0.4783345406270387,-0.46618317148792077,-0.3740009987315981,-0.5761505936934956,-0.18240722320628222,True,False,False,0.0,1.0,0.0,0.0,0.0
1,1,1.0328677100474024,-0.46508427634374117,0.7277823612437324,3.7379779580101484,0.8915389329961962,2.420847815742492,False,False,True,0.0,0.0,0.0,1.0,0.0
3,1,0.07252026002380453,-0.46508427634374117,-0.46618317148792077,-0.5011900954135049,-0.5761505936934956,-0.46341368907822567,False,True,False,0.0,1.0,0.0,0.0,0.0
3,0,0.3414175460304119,-0.46508427634374117,-0.46618317148792077,-0.4949433935480804,-0.5761505936934956,-0.44961247765089185,False,False,True,0.0,0.0,1.0,0.0,0.0
2,0,-0.08113533197997112,-0.46508427634374117,-0.46618317148792077,-0.6625632269369692,0.8915389329961962,-0.8199449842843488,False,False,True,0.0,0.0,1.0,0.0,0.0
2,0,-0.5036882099903541,-0.46508427634374117,-0.46618317148792077,-0.3918728127685774,-0.5761505936934956,-0.2218924890998842,False,False,True,0.0,0.0,1.0,0.0,0.0
3,1,-0.42686041398846636,-0.46508427634374117,1.9217478939753856,-0.3148301564283428,0.1576941696513503,-0.4358112662235581,False,False,True,0.0,0.0,0.0,1.0,0.0
2,0,0.7255565260398511,-0.46508427634374117,-0.46618317148792077,-0.12118239860018547,0.1576941696513503,-0.2218924890998842,False,False,True,0.0,0.0,1.0,0.0,0.0
2,1,-0.42686041398846636,-0.46508427634374117,-0.46618317148792077,-0.3918728127685774,-0.5761505936934956,-0.2218924890998842,False,False,True,0.0,1.0,0.0,0.0,0.0
3,0,-0.08113533197997112,-0.46508427634374117,-0.46618317148792077,-0.4995409661210328,-0.5761505936934956,-0.45977016926140957,False,True,False,0.0,0.0,1.0,0.0,0.0
3,1,-2.2131066710323584,1.4217533575978185,0.7277823612437324,-0.2615603651539584,1.6253836963410422,-0.59845509259183,True,False,False,0.0,1.0,0.0,0.0,0.0
2,0,0.3414175460304119,-0.46508427634374117,-0.46618317148792077,-0.3918728127685774,-0.5761505936934956,-0.2218924890998842,False,False,True,0.0,0.0,1.0,0.0,0.0
3,0,-0.5036882099903541,-0.46508427634374117,-0.46618317148792077,-0.47047714457516815,-0.5761505936934956,-0.3955577328938345,False,False,True,0.0,0.0,1.0,0.0,0.0
2,1,0.9560399140455145,0.4783345406270387,-0.46618317148792077,-0.12118239860018547,-0.5761505936934956,0.37616000608458033,False,False,True,0.0,0.0,0.0,1.0,0.0
3,0,-0.08113533197997112,-0.46508427634374117,-0.46618317148792077,-0.4864416323092378,-0.5761505936934956,-0.4308290288982906,False,True,False,0.0,0.0,1.0,0.0,0.0
3,0,-0.580516005992242,-0.46508427634374117,-0.46618317148792077,-0.4949433935480804,-0.5761505936934956,-0.44961247765089185,False,False,True,0.0,0.0,1.0,0.0,0.0
2,0,-2.2069604473522073,-0.46508427634374117,1.9217478939753856,-0.058715379945941185,0.1576941696513503,-0.15288643196321522,False,False,True,1.0,0.0,0.0,0.0,0.0
3,1,-0.08113533197997112,-0.46508427634374117,-0.46618317148792077,-0.5053545633237878,-0.5761505936934956,-0.47261449669644817,False,False,True,0.0,1.0,0.0,0.0,0.0
2,0,1.7243178740643927,-0.46508427634374117,-0.46618317148792077,-0.38146164299287,-0.5761505936934956,-0.1988904700543279,False,False,True,0.0,0.0,1.0,0.0,0.0
3,0,-0.9646549860016811,0.4783345406270387,-0.46618317148792077,-0.5156782792733793,-0.5761505936934956,-0.4954232987820219,False,False,True,0.0,0.0,1.0,0.0,0.0
1,0,1.4938344860587294,0.4783345406270387,-0.46618317148792077,1.192794680920202,0.1576941696513503,1.2296315211547115,True,False,False,0.0,0.0,1.0,0.0,0.0
3,0,1.1096955060492901,-0.46508427634374117,-0.46618317148792077,-0.4975461859920073,-0.5761505936934956,-0.45536298241228096,False,False,True,0.0,0.0,1.0,0.0,0.0
3,0,-1.8097607420224473,-0.46508427634374117,0.7277823612437324,-0.4028045410330702,0.1576941696513503,-0.5329947966910336,False,False,True,1.0,0.0,0.0,0.0,0.0
1,0,2.6462514260870464,-0.46508427634374117,-0.46618317148792077,-0.12118239860018547,-0.5761505936934956,0.37616000608458033,False,False,True,0.0,0.0,1.0,0.0,0.0
3,1,-0.8878271899997933,-0.46508427634374117,-0.46618317148792077,-0.5006695369247195,-0.5761505936934956,-0.46226358812594787,False,False,True,0.0,1.0,0.0,0.0,0.0
3,0,-0.8109993939979054,-0.46508427634374117,-0.46618317148792077,-0.36063930344145523,0.1576941696513503,-0.486415708123782,False,False,True,0.0,0.0,1.0,0.0,0.0
3,0,-0.2732048219846907,0.4783345406270387,1.9217478939753856,-0.23414359066661056,0.1576941696513503,-0.34667844242202733,False,False,True,0.0,0.0,1.0,0.0,0.0
2,0,1.0328677100474024,0.4783345406270387,0.7277823612437324,-0.11597681371233177,0.8915389329961962,-0.417409650987113,False,False,True,0.0,0.0,1.0,0.0,0.0
3,0,-0.08113533197997112,-0.46508427634374117,-0.46618317148792077,-0.1597037267703028,0.8915389329961962,-0.4496124776508919,False,True,False,0.0,0.0,1.0,0.0,0.0
3,1,-0.5036882099903541,-0.46508427634374117,-0.46618317148792077,-0.4975461859920073,-0.5761505936934956,-0.45536298241228096,False,False,True,0.0,1.0,0.0,0.0,0.0
3,0,-1.041482782003569,3.3085909915393783,0.7277823612437324,0.1638233740098041,3.0930732230307343,-0.5156474406608432,False,False,True,0.0,0.0,1.0,0.0,0.0
1,1,0.49507313803418757,-0.46508427634374117,1.9217478939753856,0.8158228812134788,0.1576941696513503,0.8131983679501507,False,False,True,0.0,1.0,0.0,0.0,0.0
1,1,-0.580516005992242,-0.46508427634374117,0.7277823612437324,0.48266544839084263,0.1576941696513503,0.44516606322124935,False,False,True,0.0,1.0,0.0,0.0,0.0
3,0,-0.8109993939979054,-0.46508427634374117,-0.46618317148792077,-0.49815419830690855,-0.5761505936934956,-0.4567063003245414,False,False,True,0.0,0.0,1.0,0.0,0.0
3,1,-0.08113533197997112,-0.46508427634374117,-0.46618317148792077,-0.49849984914346207,-0.5761505936934956,-0.45746996735685386,False,True,False,0.0,1.0,0.0,0.0,0.0
3,0,1.3401788940549537,-0.46508427634374117,-0.46618317148792077,-0.4751621709742364,-0.5761505936934956,-0.40590864146433486,False,False,True,0.0,0.0,1.0,0.0,0.0
2,1,0.8023843220417389,-0.46508427634374117,-0.46618317148792077,-0.3346113790021868,-0.5761505936934956,-0.0953813843493244,False,False,True,0.0,0.0,0.0,1.0,0.0
3,1,-0.7341715979960176,0.4783345406270387,-0.46618317148792077,-0.45798374084431925,-0.5761505936934956,-0.3679553100391669,False,False,True,0.0,1.0,0.0,0.0,0.0
2,1,0.49507313803418757,0.4783345406270387,-0.46618317148792077,-0.12118239860018547,-0.5761505936934956,0.37616000608458033,False,False,True,0.0,0.0,0.0,1.0,0.0
3,0,-0.8878271899997933,0.4783345406270387,0.7277823612437324,-0.4990204076322475,-0.5761505936934956,-0.4586200683091318,False,False,True,0.0,0.0,1.0,0.0,0.0
2,0,-0.8878271899997933,-0.46508427634374117,-0.46618317148792077,-0.42310632209569954,-0.5761505936934956,-0.2908985462365532,False,False,True,0.0,0.0,1.0,0.0,0.0
3,0,0.18776195402663626,-0.46508427634374117,-0.46618317148792077,0.5138115038918489,3.82691798637558,-0.4486542792575084,False,False,True,0.0,0.0,1.0,0.0,0.0
3,0,0.2645897500285241,-0.46508427634374117,-0.46618317148792077,-0.49815419830690855,-0.5761505936934956,-0.4567063003245414,True,False,False,0.0,0.0,1.0,0.0,0.0
1,0,0.41824534203229974,-0.46508427634374117,-0.46618317148792077,-0.10973011184690733,-0.5761505936934956,0.40146222703469236,True,False,False,0.0,0.0,1.0,0.0,0.0
1,0,2.6462514260870464,0.4783345406270387,4.309678959438692,4.813712075085113,1.6253836963410422,2.2048205202063085,False,False,True,0.0,0.0,1.0,0.0,0.0
1,0,1.7243178740643927,0.4783345406270387,0.7277823612437324,0.9959361183332165,0.8915389329961962,0.40146222703469236,False,False,True,0.0,0.0,1.0,0.0,0.0
3,1,-0.42686041398846636,-0.46508427634374117,3.1157134267070385,-0.2615603651539584,1.6253836963410422,-0.59845509259183,True,False,False,0.0,0.0,0.0,1.0,0.0
3,0,2.4157680380813833,-0.46508427634374117,-0.46618317148792077,-0.5326838839850196,-0.5761505936934956,-0.5329947966910336,False,False,True,0.0,0.0,1.0,0.0,0.0
2,0,-0.42686041398846636,-0.46508427634374117,-0.46618317148792077,-0.44392866164711425,-0.5761505936934956,-0.33690258432766584,False,False,True,0.0,0.0,1.0,0.0,0.0
3,0,1.0328677100474024,-0.46508427634374117,-0.46618317148792077,-0.4949433935480804,-0.5761505936934956,-0.44961247765089185,False,False,True,0.0,0.0,1.0,0.0,0.0
2,1,0.3414175460304119,-0.46508427634374117,-0.46618317148792077,-0.44392866164711425,-0.5761505936934956,-0.33690258432766584,False,False,True,0.0,0.0,0.0,1.0,0.0
3,1,2.5694236300851587,-0.46508427634374117,-0.46618317148792077,-0.4629290464877802,-0.5761505936934956,-0.37888126908580616,False,False,True,0.0,0.0,0.0,1.0,0.0
1,1,-0.42686041398846636,-0.46508427634374117,-0.46618317148792077,0.7804249039760736,0.1576941696513503,0.7740949355727048,True,False,False,0.0,1.0,0.0,0.0,0.0
1,1,0.6487287300379633,0.4783345406270387,-0.46618317148792077,0.8217218500083945,-0.5761505936934956,2.4593746641758623,True,False,False,0.0,0.0,0.0,1.0,0.0
3,0,-0.6573438019941298,-0.46508427634374117,-0.46618317148792077,-0.5116012651892122,-0.5761505936934956,-0.486415708123782,False,False,True,0.0,0.0,1.0,0.0,0.0
1,1,1.186523302051178,0.4783345406270387,0.7277823612437324,2.7703471811842633,0.1576941696513503,2.9723219890936736,False,False,True,0.0,0.0,0.0,1.0,0.0
3,0,-1.041482782003569,0.4783345406270387,3.1157134267070385,0.053204695142913164,1.6253836963410422,-0.4245977819388494,False,False,True,0.0,0.0,1.0,0.0,0.0
3,0,-0.7341715979960176,0.4783345406270387,-0.46618317148792077,-0.4975461859920073,-0.5761505936934956,-0.45536298241228096,False,False,True,0.0,0.0,1.0,0.0,0.0
2,0,-0.08113533197997112,-0.46508427634374117,-0.46618317148792077,-0.3491870166881771,-0.5761505936934956,-0.12758421101310324,True,False,False,0.0,0.0,1.0,0.0,0.0
3,1,0.8792121180436268,-0.46508427634374117,5.503644492170345,0.1638233740098041,3.0930732230307343,-0.5156474406608432,False,False,True,0.0,0.0,0.0,1.0,0.0
2,0,0.03410636202286062,-0.46508427634374117,-0.46618317148792077,-0.3918728127685774,-0.5761505936934956,-0.2218924890998842,False,False,True,0.0,0.0,1.0,0.0,0.0
3,0,-0.0427214339790272,-0.46508427634374117,-0.46618317148792077,-0.4949433935480804,-0.5761505936934956,-0.44961247765089185,False,False,True,0.0,0.0,1.0,0.0,0.0
3,1,-2.0402441300281104,2.3651721745685985,0.7277823612437324,-0.22373242089090317,1.6253836963410422,-0.5775612085917989,False,False,True,0.0,1.0,0.0,0.0,0.0
2,0,-2.0402441300281104,0.4783345406270387,0.7277823612437324,-0.12118239860018547,0.8915389329961962,-0.4212433208280391,False,False,True,1.0,0.0,0.0,0.0,0.0
2,0,1.8779734660681684,0.4783345406270387,-0.46618317148792077,-0.12118239860018547,0.1576941696513503,-0.2218924890998842,False,False,True,0.0,0.0,0.0,0.0,1.0
3,0,-0.11954922998091504,1.4217533575978185,-0.46618317148792077,-0.4975461859920073,-0.5761505936934956,-0.45536298241228096,False,False,True,0.0,0.0,1.0,0.0,0.0
3,0,0.49507313803418757,-0.46508427634374117,-0.46618317148792077,-0.5064831341274745,-0.5761505936934956,-0.4751079155609866,False,False,True,0.0,0.0,1.0,0.0,0.0
1,0,1.4170066900568414,-0.46508427634374117,-0.46618317148792077,-0.10973011184690733,-0.5761505936934956,0.40146222703469236,False,False,True,0.0,0.0,1.0,0.0,0.0
3,1,0.11093415802474844,-0.46508427634374117,-0.46618317148792077,-0.4817566059101695,-0.5761505936934956,-0.42047812032779025,False,False,True,0.0,0.0,0.0,1.0,0.0
3,0,-0.2732048219846907,-0.46508427634374117,-0.46618317148792077,-0.49815419830690855,-0.5761505936934956,-0.4567063003245414,False,False,True,0.0,0.0,1.0,0.0,0.0
3,0,-0.08113533197997112,2.3651721745685985,0.7277823612437324,-0.13228695228295498,1.6253836963410422,-0.5270522250706141,False,False,True,1.0,0.0,0.0,0.0,0.0
3,0,-2.238459843712981,-0.46508427634374117,0.7277823612437324,-0.4852256076794352,-0.5761505936934956,-0.4281423930737696,True,False,False,1.0,0.0,0.0,0.0,0.0
3,1,-0.35003261798657853,-0.46508427634374117,-0.46618317148792077,-0.5006695369247195,-0.5761505936934956,-0.46226358812594787,False,False,True,0.0,1.0,0.0,0.0,0.0
1,0,-0.08113533197997112,-0.46508427634374117,-0.46618317148792077,0.4201984297365983,0.1576941696513503,0.37616000608458033,False,False,True,0.0,0.0,1.0,0.0,0.0
3,0,0.6487287300379633,-0.46508427634374117,-0.46618317148792077,-0.48218971057283894,-0.5761505936934956,-0.4214350043200854,False,False,True,0.0,0.0,1.0,0.0,0.0
3,0,-0.08113533197997112,-0.46508427634374117,-0.46618317148792077,-0.4949433935480804,-0.5761505936934956,-0.44961247765089185,False,False,True,0.0,0.0,1.0,0.0,0.0
3,0,-0.08113533197997112,0.4783345406270387,0.7277823612437324,-0.3451100026040101,0.1576941696513503,-0.4692608023196061,True,False,False,1.0,0.0,0.0,0.0,0.0
3,0,-1.1183105780054567,0.4783345406270387,0.7277823612437324,-0.5120343698518817,-0.5761505936934956,-0.4873725921160772,True,False,False,0.0,0.0,1.0,0.0,0.0
2,0,0.41824534203229974,-0.46508427634374117,-0.46618317148792077,-0.12118239860018547,0.1576941696513503,-0.2218924890998842,False,False,True,0.0,0.0,1.0,0.0,0.0
3,0,-0.08113533197997112,-0.46508427634374117,-0.46618317148792077,-0.5006695369247195,-0.5761505936934956,-0.46226358812594787,False,False,True,0.0,0.0,1.0,0.0,0.0
1,0,-0.42686041398846636,-0.46508427634374117,-0.46618317148792077,0.9865660655350799,0.1576941696513503,1.0018149241237126,True,False,False,0.0,0.0,1.0,0.0,0.0
1,0,0.49507313803418757,-0.46508427634374117,-0.46618317148792077,0.17293314756354805,-0.5761505936934956,1.0259670441215467,True,False,False,0.0,0.0,1.0,0.0,0.0
3,1,-0.580516005992242,-0.46508427634374117,-0.46618317148792077,-0.5006695369247195,-0.5761505936934956,-0.46226358812594787,False,False,True,0.0,1.0,0.0,0.0,0.0
1,0,1.570662282060617,1.4217533575978185,-0.46618317148792077,2.120342454109614,0.1576941696513503,2.2542748611542547,False,False,True,0.0,0.0,0.0,0.0,1.0
3,0,-0.08113533197997112,-0.46508427634374117,-0.46618317148792077,-0.5011900954135049,-0.5761505936934956,-0.46341368907822567,False,True,False,0.0,0.0,1.0,0.0,0.0
3,0,1.224937200052122,-0.46508427634374117,-0.46618317148792077,-0.5121218236779976,-0.5761505936934956,-0.48756580907605984,True,False,False,0.0,0.0,1.0,0.0,0.0
3,0,0.2645897500285241,-0.46508427634374117,-0.46618317148792077,-0.5006695369247195,-0.5761505936934956,-0.46226358812594787,False,False,True,0.0,0.0,1.0,0.0,0.0
3,0,-0.8109993939979054,-0.46508427634374117,-0.46618317148792077,-0.49815419830690855,-0.5761505936934956,-0.4567063003245414,False,False,True,0.0,0.0,1.0,0.0,0.0
2,0,-0.8878271899997933,-0.46508427634374117,-0.46618317148792077,-0.3918728127685774,-0.5761505936934956,-0.2218924890998842,False,False,True,0.0,0.0,1.0,0.0,0.0
3,1,-1.041482782003569,-0.46508427634374117,-0.46618317148792077,-0.5011900954135049,-0.5761505936934956,-0.46341368907822567,False,True,False,0.0,1.0,0.0,0.0,0.0
1,0,-0.08113533197997112,-0.46508427634374117,-0.46618317148792077,-0.03789304039452642,-0.5761505936934956,0.560176158449031,False,False,True,0.0,0.0,1.0,0.0,0.0
1,0,-0.08113533197997112,-0.46508427634374117,-0.46618317148792077,-0.04413974225995086,-0.5761505936934956,0.5463749470216972,True,False,False,0.0,0.0,1.0,0.0,0.0
1,0,1.4170066900568414,0.4783345406270387,-0.46618317148792077,0.9351182289714443,0.8915389329961962,0.3566726955491852,True,False,False,0.0,0.0,1.0,0.0,0.0
3,0,-0.580516005992242,-0.46508427634374117,-0.46618317148792077,-0.49815419830690855,-0.5761505936934956,-0.4567063003245414,False,False,True,0.0,0.0,1.0,0.0,0.0
1,0,-0.0427214339790272,-0.46508427634374117,-0.46618317148792077,-0.03789304039452642,-0.5761505936934956,0.560176158449031,False,False,True,0.0,0.0,1.0,0.0,0.0
1,0,-0.08113533197997112,-0.46508427634374117,-0.46618317148792077,-0.12274407406654156,-0.5761505936934956,0.37270970322774694,False,False,True,0.0,0.0,1.0,0.0,0.0
1,0,0.6487287300379633,-0.46508427634374117,0.7277823612437324,2.5328850564720184,0.8915389329961962,1.5333532475681102,False,False,True,0.0,0.0,1.0,0.0,0.0
3,0,1.1096955060492901,-0.46508427634374117,-0.46618317148792077,-0.4949433935480804,-0.5761505936934956,-0.44961247765089185,False,False,True,0.0,0.0,1.0,0.0,0.0
2,0,-2.0402441300281104,0.4783345406270387,0.7277823612437324,-0.2721443603479425,0.8915389329961962,-0.5324197462148946,False,False,True,1.0,0.0,0.0,0.0,0.0
1,1,-0.8878271899997933,0.4783345406270387,-0.46618317148792077,4.075039579498675,1.6253836963410422,1.7968222073857532,True,False,False,0.0,0.0,0.0,1.0,0.0
1,0,-0.8878271899997933,0.4783345406270387,-0.46618317148792077,1.6049895502120983,0.1576941696513503,1.6849748897767356,True,False,False,0.0,0.0,1.0,0.0,0.0
3,0,-0.08113533197997112,0.4783345406270387,-0.46618317148792077,-0.1597037267703028,0.8915389329961962,-0.4496124776508919,False,True,False,0.0,0.0,1.0,0.0,0.0
3,0,-2.1170719260299986,2.3651721745685985,0.7277823612437324,-0.22373242089090317,1.6253836963410422,-0.5775612085917989,False,False,True,1.0,0.0,0.0,0.0,0.0
1,0,0.41824534203229974,-0.46508427634374117,-0.46618317148792077,10.005329337567716,0.8915389329961962,7.0364590263787425,True,False,False,0.0,0.0,1.0,0.0,0.0
3,0,3.4145293861059245,-0.46508427634374117,-0.46618317148792077,-0.5006695369247195,-0.5761505936934956,-0.46226358812594787,False,False,True,0.0,0.0,1.0,0.0,0.0
2,0,0.11093415802474844,-0.46508427634374117,-0.46618317148792077,-0.3918728127685774,-0.5761505936934956,-0.2218924890998842,False,False,True,0.0,0.0,1.0,0.0,0.0
3,0,-0.08113533197997112,-0.46508427634374117,-0.46618317148792077,-0.32732356015919156,0.1576941696513503,-0.44961247765089185,False,False,True,0.0,0.0,1.0,0.0,0.0
1,0,2.0316290580719443,-0.46508427634374117,-0.46618317148792077,-0.023404856534652064,-0.5761505936934956,0.5921857681528271,True,False,False,0.0,0.0,1.0,0.0,0.0
3,0,-0.2732048219846907,0.4783345406270387,-0.46618317148792077,-0.4990204076322475,-0.5761505936934956,-0.4586200683091318,False,False,True,0.0,0.0,1.0,0.0,0.0
3,0,0.18776195402663626,-0.46508427634374117,-0.46618317148792077,-0.4990204076322475,-0.5761505936934956,-0.4586200683091318,False,False,True,0.0,0.0,1.0,0.0,0.0
3,0,-0.08113533197997112,-0.46508427634374117,-0.46618317148792077,-0.5120343698518817,-0.5761505936934956,-0.4873725921160772,True,False,False,0.0,0.0,1.0,0.0,0.0
1,0,0.8023843220417389,-0.46508427634374117,-0.46618317148792077,-0.017070700843111658,-0.5761505936934956,0.6061801965401437,True,False,False,0.0,0.0,1.0,0.0,0.0
1,0,-0.19637702598280285,-0.46508427634374117,-0.46618317148792077,0.9351182289714443,0.8915389329961962,0.3566726955491852,True,False,False,0.0,0.0,1.0,0.0,0.0
3,0,-0.08113533197997112,-0.46508427634374117,-0.46618317148792077,-0.33981696389004046,-0.5761505936934956,-0.10688239387210258,False,True,False,0.0,0.0,1.0,0.0,0.0
3,0,0.6487287300379633,-0.46508427634374117,-0.46618317148792077,-0.49815419830690855,-0.5761505936934956,-0.4567063003245414,False,False,True,0.0,0.0,1.0,0.0,0.0
3,0,-2.1938997220318863,3.3085909915393783,0.7277823612437324,0.1638233740098041,3.0930732230307343,-0.5156474406608432,False,False,True,1.0,0.0,0.0,0.0,0.0
2,0,-0.08113533197997112,-0.46508427634374117,-0.46618317148792077,-0.6625632269369692,-0.5761505936934956,-0.8199449842843488,False,False,True,0.0,0.0,1.0,0.0,0.0
3,0,-0.08113533197997112,-0.46508427634374117,-0.46618317148792077,-0.5016232000761743,-0.5761505936934956,-0.4643705730705209,False,True,False,0.0,0.0,1.0,0.0,0.0
2,0,-2.219252894712509,0.4783345406270387,0.7277823612437324,-0.36063930344145523,0.1576941696513503,-0.486415708123782,False,False,True,1.0,0.0,0.0,0.0,0.0
3,0,-0.08113533197997112,0.4783345406270387,-0.46618317148792077,-0.33981696389004046,-0.5761505936934956,-0.10688239387210258,False,True,False,0.0,0.0,1.0,0.0,0.0
3,1,-2.1170719260299986,-0.46508427634374117,0.7277823612437324,-0.40670872969896044,-0.5761505936934956,-0.254670366239802,False,False,True,0.0,1.0,0.0,0.0,0.0
3,1,-0.8878271899997933,-0.46508427634374117,-0.46618317148792077,-0.45763600777381064,-0.5761505936934956,-0.36718704260304535,False,False,True,0.0,1.0,0.0,0.0,0.0
1,1,1.647490078062505,0.4783345406270387,-0.46618317148792077,0.9607109665140879,0.8915389329961962,0.37552054995511375,False,False,True,0.0,0.0,0.0,1.0,0.0
2,0,-0.0427214339790272,0.4783345406270387,-0.46618317148792077,-0.08535131670011094,-0.5761505936934956,0.455323754831767,True,False,False,0.0,0.0,1.0,0.0,0.0
3,0,1.4938344860587294,-0.46508427634374117,-0.46618317148792077,-0.6625632269369692,1.6253836963410422,-0.8199449842843488,False,False,True,0.0,0.0,1.0,0.0,0.0
3,0,-0.42686041398846636,-0.46508427634374117,-0.46618317148792077,-0.464751001198529,-0.5761505936934956,-0.38290662241877854,False,False,True,0.0,0.0,1.0,0.0,0.0
3,1,0.11093415802474844,0.4783345406270387,0.7277823612437324,-0.2351847076441813,0.8915389329961962,-0.5052006903443198,False,False,True,0.0,0.0,0.0,1.0,0.0
3,1,1.186523302051178,-0.46508427634374117,-0.46618317148792077,-0.5011900954135049,-0.5761505936934956,-0.46341368907822567,False,False,True,0.0,1.0,0.0,0.0,0.0
3,0,0.18776195402663626,-0.46508427634374117,-0.46618317148792077,-0.4975461859920073,-0.5761505936934956,-0.45536298241228096,False,False,True,0.0,0.0,1.0,0.0,0.0
3,1,-0.8878271899997933,-0.46508427634374117,0.7277823612437324,-0.36159296659291,0.1576941696513503,-0.48746920059606846,True,False,False,0.0,1.0,0.0,0.0,0.0
2,1,1.1096955060492901,0.4783345406270387,-0.46618317148792077,-0.12118239860018547,0.1576941696513503,-0.2218924890998842,False,False,True,0.0,0.0,0.0,1.0,0.0
1,1,1.3401788940549537,0.4783345406270387,0.7277823612437324,0.43173817031599243,0.1576941696513503,0.38890772503962767,False,False,True,0.0,0.0,0.0,1.0,0.0
2,0,0.5334870360351315,-0.46508427634374117,1.9217478939753856,-0.12118239860018547,0.8915389329961962,-0.4212433208280391,False,False,True,0.0,0.0,1.0,0.0,0.0
2,0,0.03410636202286062,-0.46508427634374117,-0.46618317148792077,-0.3918728127685774,-0.5761505936934956,-0.2218924890998842,False,False,True,0.0,0.0,1.0,0.0,0.0
2,1,-0.19637702598280285,-0.46508427634374117,-0.46618317148792077,-0.44392866164711425,-0.5761505936934956,-0.33690258432766584,False,False,True,0.0,1.0,0.0,0.0,0.0
3,0,-0.0427214339790272,-0.46508427634374117,-0.46618317148792077,-0.464751001198529,-0.5761505936934956,-0.38290662241877854,False,False,True,0.0,0.0,1.0,0.0,0.0
1,0,3.1840459981002613,-0.46508427634374117,-0.46618317148792077,0.3682300346841773,-0.5761505936934956,1.4574481181857104,True,False,False,0.0,0.0,1.0,0.0,0.0
1,1,1.7243178740643927,0.4783345406270387,0.7277823612437324,1.2843255211203108,0.1576941696513503,1.330743796475168,False,False,True,0.0,0.0,0.0,1.0,0.0
3,1,1.0328677100474024,0.4783345406270387,6.697610024901998,0.314004498024383,3.0930732230307343,-0.46034675320548485,False,False,True,0.0,0.0,0.0,1.0,0.0
3,0,-0.580516005992242,-0.46508427634374117,-0.46618317148792077,-0.49815419830690855,-0.5761505936934956,-0.4567063003245414,False,False,True,0.0,0.0,1.0,0.0,0.0
3,1,-0.08113533197997112,1.4217533575978185,-0.46618317148792077,-0.17844383236657607,0.1576941696513503,-0.28514804147516415,False,True,False,0.0,1.0,0.0,0.0,0.0
1,1,-0.08113533197997112,-0.46508427634374117,0.7277823612437324,0.48266544839084263,0.1576941696513503,0.44516606322124935,False,False,True,0.0,0.0,0.0,1.0,0.0
3,0,-0.2732048219846907,-0.46508427634374117,-0.46618317148792077,-0.49815419830690855,-0.5761505936934956,-0.4567063003245414,False,False,True,0.0,0.0,1.0,0.0,0.0
3,1,-0.35003261798657853,0.4783345406270387,-0.46618317148792077,-0.4975461859920073,-0.5761505936934956,-0.45536298241228096,False,False,True,0.0,1.0,0.0,0.0,0.0
1,0,-0.08113533197997112,-0.46508427634374117,-0.46618317148792077,-0.6625632269369692,-0.5761505936934956,-0.8199449842843488,False,False,True,0.0,0.0,1.0,0.0,0.0
1,1,0.11093415802474844,-0.46508427634374117,1.9217478939753856,2.7703471811842633,0.1576941696513503,2.9723219890936736,False,False,True,0.0,1.0,0.0,0.0,0.0
3,0,1.186523302051178,-0.46508427634374117,-0.46618317148792077,-0.4949433935480804,-0.5761505936934956,-0.44961247765089185,False,False,True,0.0,0.0,1.0,0.0,0.0
3,0,-0.580516005992242,-0.46508427634374117,-0.46618317148792077,-0.5116012651892122,-0.5761505936934956,-0.486415708123782,False,False,True,0.0,0.0,1.0,0.0,0.0
1,1,1.4938344860587294,0.4783345406270387,-0.46618317148792077,0.9351182289714443,0.8915389329961962,0.3566726955491852,True,False,False,0.0,0.0,0.0,1.0,0.0
2,1,-0.580516005992242,0.4783345406270387,1.9217478939753856,0.2032129937392154,0.8915389329961962,-0.18234128408501832,True,False,False,0.0,0.0,0.0,1.0,0.0
3,1,-1.963416334026223,-0.46508427634374117,1.9217478939753856,-0.20395119831705918,-0.5761505936934956,0.19329395467240745,False,False,True,0.0,1.0,0.0,0.0,0.0
3,1,-0.0427214339790272,-0.46508427634374117,1.9217478939753856,-0.3451100026040101,-0.5761505936934956,-0.11857662035486345,True,False,False,0.0,0.0,0.0,1.0,0.0
2,0,0.3414175460304119,-0.46508427634374117,-0.46618317148792077,-0.3918728127685774,0.1576941696513503,-0.5209187366921165,False,False,True,0.0,0.0,1.0,0.0,0.0
1,1,1.4170066900568414,-0.46508427634374117,-0.46618317148792077,-0.1226566202404256,-0.5761505936934956,0.37290292018772964,False,False,True,0.0,0.0,0.0,1.0,0.0
2,1,-0.19637702598280285,0.4783345406270387,-0.46618317148792077,-0.22529409635725928,0.1576941696513503,-0.33690258432766584,False,False,True,0.0,0.0,0.0,1.0,0.0
1,1,1.8779734660681684,0.4783345406270387,-0.46618317148792077,0.5742837424170676,-0.5761505936934956,1.912694878327743,True,False,False,0.0,0.0,0.0,1.0,0.0
2,0,-0.08113533197997112,-0.46508427634374117,-0.46618317148792077,-0.3739135449054821,-0.5761505936934956,-0.18221400624629952,True,False,False,0.0,0.0,1.0,0.0,0.0
2,1,-0.8109993939979054,0.4783345406270387,-0.46618317148792077,-0.12118239860018547,0.1576941696513503,-0.2218924890998842,False,False,True,0.0,0.0,0.0,1.0,0.0
1,1,-0.580516005992242,0.4783345406270387,-0.46618317148792077,0.7242045871872537,0.1576941696513503,0.7119894841497026,False,False,True,0.0,0.0,0.0,1.0,0.0
1,0,1.224937200052122,-0.46508427634374117,-0.46618317148792077,-0.06912654972164857,-0.5761505936934956,0.491170101312362,False,False,True,0.0,0.0,1.0,0.0,0.0
1,0,-0.08113533197997112,-0.46508427634374117,-0.46618317148792077,-0.08535131670011094,-0.5761505936934956,0.455323754831767,True,False,False,0.0,0.0,1.0,0.0,0.0
3,0,-0.5036882099903541,-0.46508427634374117,-0.46618317148792077,-0.4990204076322475,-0.5761505936934956,-0.4586200683091318,False,False,True,0.0,0.0,1.0,0.0,0.0
3,0,0.03410636202286062,-0.46508427634374117,-0.46618317148792077,-0.4949433935480804,-0.5761505936934956,-0.44961247765089185,False,False,True,0.0,0.0,1.0,0.0,0.0
3,0,-0.08113533197997112,-0.46508427634374117,-0.46618317148792077,-0.5120343698518817,-0.5761505936934956,-0.4873725921160772,True,False,False,0.0,0.0,1.0,0.0,0.0
2,0,0.3414175460304119,0.4783345406270387,-0.46618317148792077,-0.22529409635725928,-0.5761505936934956,0.14613981562901704,False,False,True,0.0,0.0,1.0,0.0,0.0
3,0,0.11093415802474844,-0.46508427634374117,-0.46618317148792077,-0.4975461859920073,-0.5761505936934956,-0.45536298241228096,False,False,True,0.0,0.0,1.0,0.0,0.0
3,0,-0.08113533197997112,7.082266259422497,1.9217478939753856,0.7856304888639273,3.82691798637558,-0.3628620058219366,False,False,True,0.0,0.0,1.0,0.0,0.0
3,0,0.8023843220417389,0.4783345406270387,4.309678959438692,-0.08161995345249745,3.0930732230307343,-0.606026207160675,False,False,True,0.0,0.0,1.0,0.0,0.0
3,1,-0.08113533197997112,-0.46508427634374117,-0.46618317148792077,-0.5011900954135049,-0.5761505936934956,-0.46341368907822567,False,True,False,0.0,1.0,0.0,0.0,0.0
2,0,0.18776195402663626,-0.46508427634374117,-0.46618317148792077,-0.44392866164711425,-0.5761505936934956,-0.33690258432766584,False,False,True,0.0,0.0,1.0,0.0,0.0
3,0,-0.7341715979960176,-0.46508427634374117,-0.46618317148792077,-0.47047714457516815,-0.5761505936934956,-0.3955577328938345,False,False,True,0.0,0.0,1.0,0.0,0.0
1,0,-0.19637702598280285,-0.46508427634374117,1.9217478939753856,3.741361588187253,-0.5761505936934956,8.909909071985979,True,False,False,0.0,0.0,1.0,0.0,0.0
2,1,0.22617585202758017,-0.46508427634374117,-0.46618317148792077,-0.3918728127685774,-0.5761505936934956,-0.2218924890998842,False,False,True,0.0,1.0,0.0,0.0,0.0
1,1,1.1096955060492901,-0.46508427634374117,-0.46618317148792077,-0.08535131670011094,-0.5761505936934956,0.455323754831767,True,False,False,0.0,0.0,0.0,1.0,0.0
2,0,-0.5036882099903541,-0.46508427634374117,-0.46618317148792077,-0.34927447051429306,-0.5761505936934956,-0.12777742797308594,True,False,False,0.0,0.0,1.0,0.0,0.0
3,0,0.3414175460304119,0.4783345406270387,0.7277823612437324,-0.3627215373965967,0.1576941696513503,-0.4887159100283377,False,False,True,0.0,0.0,1.0,0.0,0.0
2,0,0.18776195402663626,0.4783345406270387,-0.46618317148792077,-0.12118239860018547,0.1576941696513503,-0.2218924890998842,False,False,True,0.0,0.0,1.0,0.0,0.0
1,0,-1.963416334026223,-0.46508427634374117,1.9217478939753856,1.0419180907646057,-0.5761505936934956,2.9458673669893787,False,False,True,1.0,0.0,0.0,0.0,0.0
3,1,-2.1170719260299986,3.3085909915393783,1.9217478939753856,-0.01134455746647263,3.82691798637558,-0.614405514098699,False,False,True,0.0,1.0,0.0,0.0,0.0
2,0,-0.08113533197997112,-0.46508427634374117,-0.46618317148792077,-0.6625632269369692,0.8915389329961962,-0.8199449842843488,False,False,True,0.0,0.0,1.0,0.0,0.0
2,0,-0.35003261798657853,-0.46508427634374117,-0.46618317148792077,-0.3918728127685774,-0.5761505936934956,-0.2218924890998842,False,False,True,0.0,0.0,1.0,0.0,0.0
3,0,-0.42686041398846636,-0.46508427634374117,-0.46618317148792077,-0.4949433935480804,-0.5761505936934956,-0.44961247765089185,False,False,True,0.0,0.0,1.0,0.0,0.0
3,0,-0.6573438019941298,-0.46508427634374117,-0.46618317148792077,-0.48218971057283894,-0.5761505936934956,-0.4214350043200854,False,False,True,0.0,0.0,1.0,0.0,0.0
2,0,0.11093415802474844,-0.46508427634374117,-0.46618317148792077,-0.44392866164711425,-0.5761505936934956,-0.33690258432766584,False,False,True,0.0,0.0,1.0,0.0,0.0
2,0,1.8779734660681684,-0.46508427634374117,-0.46618317148792077,-0.3710504732171626,-0.5761505936934956,-0.17588845100877157,False,False,True,0.0,0.0,0.0,0.0,1.0
3,1,0.2645897500285241,2.3651721745685985,-0.46618317148792077,-0.3325291450470453,0.1576941696513503,-0.45536298241228096,False,False,True,0.0,0.0,0.0,1.0,0.0
2,0,-0.5036882099903541,-0.46508427634374117,-0.46618317148792077,-0.3918728127685774,-0.5761505936934956,-0.2218924890998842,False,False,True,0.0,0.0,1.0,0.0,0.0
2,0,-0.8109993939979054,0.4783345406270387,0.7277823612437324,0.10265775157752322,0.1576941696513503,0.025379215639846322,False,False,True,0.0,0.0,1.0,0.0,0.0
3,0,2.723079222088934,-0.46508427634374117,-0.46618317148792077,-0.5011900954135049,-0.5761505936934956,-0.46341368907822567,False,True,False,0.0,0.0,1.0,0.0,0.0
3,0,-0.08113533197997112,0.4783345406270387,-0.46618317148792077,-0.24680981981573616,-0.5761505936934956,0.09860384306947031,False,False,True,0.0,0.0,1.0,0.0,0.0
2,1,0.9560399140455145,-0.46508427634374117,-0.46618317148792077,-0.3918728127685774,-0.5761505936934956,-0.2218924890998842,False,False,True,0.0,0.0,0.0,1.0,0.0
2,0,-0.8878271899997933,-0.46508427634374117,-0.46618317148792077,-0.42310632209569954,-0.5761505936934956,-0.2908985462365532,False,False,True,0.0,0.0,1.0,0.0,0.0
2,0,-0.19637702598280285,-0.46508427634374117,-0.46618317148792077,-0.3918728127685774,-0.5761505936934956,-0.2218924890998842,False,False,True,0.0,0.0,1.0,0.0,0.0
1,0,1.8779734660681684,-0.46508427634374117,0.7277823612437324,0.946743341142999,0.1576941696513503,0.9578235626990859,False,False,True,0.0,0.0,1.0,0.0,0.0
3,0,-0.08113533197997112,-0.46508427634374117,-0.46618317148792077,-0.5120343698518817,-0.5761505936934956,-0.4873725921160772,True,False,False,0.0,0.0,1.0,0.0,0.0
1,0,1.3401788940549537,-0.46508427634374117,-0.46618317148792077,0.4201984297365983,0.1576941696513503,0.37616000608458033,False,False,True,0.0,0.0,1.0,0.0,0.0
3,0,-1.425621762013008,4.252009808510158,1.9217478939753856,0.314004498024383,3.0930732230307343,-0.46034675320548485,False,False,True,1.0,0.0,0.0,0.0,0.0
2,0,-0.6573438019941298,1.4217533575978185,-0.46618317148792077,0.8678787300920157,2.3592284596858883,-0.14368562434499274,False,False,True,0.0,0.0,1.0,0.0,0.0
2,0,-0.0427214339790272,-0.46508427634374117,-0.46618317148792077,-0.44392866164711425,-0.5761505936934956,-0.33690258432766584,False,False,True,0.0,0.0,1.0,0.0,0.0
3,0,0.7255565260398511,-0.46508427634374117,-0.46618317148792077,-0.1597037267703028,0.1576941696513503,-0.2644462243341635,False,False,True,0.0,0.0,1.0,0.0,0.0
3,1,0.7255565260398511,-0.46508427634374117,5.503644492170345,-0.05611258750201434,2.3592284596858883,-0.5519714624036176,False,True,False,0.0,0.0,0.0,1.0,0.0
3,0,0.49507313803418757,0.4783345406270387,-0.46618317148792077,-0.3387758469124697,-0.5761505936934956,-0.10458219196754691,False,False,True,0.0,0.0,1.0,0.0,0.0
1,1,-0.9646549860016811,0.4783345406270387,-0.46618317148792077,1.6049895502120983,0.1576941696513503,1.6849748897767356,True,False,False,0.0,0.0,0.0,1.0,0.0
3,0,-0.08113533197997112,-0.46508427634374117,-0.46618317148792077,-0.48218971057283894,-0.5761505936934956,-0.4214350043200854,False,False,True,0.0,0.0,1.0,0.0,0.0
3,1,-1.425621762013008,3.3085909915393783,1.9217478939753856,-0.01134455746647263,3.82691798637558,-0.614405514098699,False,False,True,0.0,1.0,0.0,0.0,0.0
3,1,1.3401788940549537,0.4783345406270387,-0.46618317148792077,-0.36063930344145523,-0.5761505936934956,-0.15288643196321522,False,False,True,0.0,0.0,0.0,1.0,0.0
1,0,-0.08113533197997112,-0.46508427634374117,-0.46618317148792077,-0.12118239860018547,-0.5761505936934956,0.37616000608458033,False,False,True,0.0,0.0,1.0,0.0,0.0
3,1,0.6487287300379633,0.4783345406270387,5.503644492170345,-0.009002044266938455,1.6253836963410422,-0.4589570478881491,False,False,True,0.0,0.0,0.0,1.0,0.0
2,1,-0.08113533197997112,-0.46508427634374117,-0.46618317148792077,-0.40540733347699703,-0.5761505936934956,-0.25179511385910747,False,True,False,0.0,1.0,0.0,0.0,0.0
1,1,-0.8109993939979054,-0.46508427634374117,-0.46618317148792077,-0.03789304039452642,-0.5761505936934956,0.560176158449031,False,False,True,0.0,1.0,0.0,0.0,0.0
1,1,1.4170066900568414,0.4783345406270387,-0.46618317148792077,0.16200141929905532,-0.5761505936934956,1.0018149241237126,True,False,False,0.0,0.0,0.0,0.0,1.0
3,0,-0.08113533197997112,-0.46508427634374117,-0.46618317148792077,-0.5014503746578975,-0.5761505936934956,-0.46398873955436454,False,True,False,0.0,0.0,1.0,0.0,0.0
1,1,-0.08113533197997112,0.4783345406270387,-0.46618317148792077,2.3883426220079627,0.1576941696513503,2.5503292478858013,True,False,False,0.0,0.0,0.0,1.0,0.0
1,0,0.8023843220417389,-0.46508427634374117,-0.46618317148792077,-0.6625632269369692,-0.5761505936934956,-0.8199449842843488,False,False,True,0.0,0.0,1.0,0.0,0.0
3,0,0.11093415802474844,-0.46508427634374117,-0.46618317148792077,-0.5006695369247195,-0.5761505936934956,-0.46226358812594787,False,False,True,0.0,0.0,1.0,0.0,0.0
3,1,-1.6561051500186716,2.3651721745685985,0.7277823612437324,-0.22373242089090317,1.6253836963410422,-0.5775612085917989,False,False,True,0.0,1.0,0.0,0.0,0.0
3,0,-0.2732048219846907,-0.46508427634374117,-0.46618317148792077,-0.27136352261476443,0.1576941696513503,-0.3877945514659592,True,False,False,0.0,0.0,1.0,0.0,0.0
2,0,-0.42686041398846636,1.4217533575978185,-0.46618317148792077,0.8678787300920157,2.3592284596858883,-0.14368562434499274,False,False,True,0.0,0.0,1.0,0.0,0.0
3,0,-0.580516005992242,-0.46508427634374117,-0.46618317148792077,-0.5120343698518817,-0.5761505936934956,-0.4873725921160772,True,False,False,0.0,0.0,1.0,0.0,0.0
2,1,-1.963416334026223,0.4783345406270387,0.7277823612437324,-0.18364941725442976,-0.5761505936934956,0.23814789181124238,False,False,True,0.0,1.0,0.0,0.0,0.0
1,0,1.186523302051178,-0.46508427634374117,-0.46618317148792077,-0.10973011184690733,-0.5761505936934956,0.40146222703469236,False,False,True,0.0,0.0,1.0,0.0,0.0
1,1,0.9560399140455145,-0.46508427634374117,-0.46618317148792077,4.075039579498675,1.6253836963410422,1.7968222073857532,True,False,False,0.0,1.0,0.0,0.0,0.0
1,0,0.18776195402663626,-0.46508427634374117,-0.46618317148792077,-0.02748187061881904,-0.5761505936934956,0.5831781774945873,True,False,False,0.0,0.0,0.0,0.0,1.0
3,0,1.647490078062505,-0.46508427634374117,-0.46618317148792077,-0.4949433935480804,-0.5761505936934956,-0.44961247765089185,False,False,True,0.0,0.0,1.0,0.0,0.0
3,1,-1.1567244760064006,0.4783345406270387,-0.46618317148792077,-0.36159296659291,0.1576941696513503,-0.48746920059606846,True,False,False,0.0,1.0,0.0,0.0,0.0
3,0,-0.08113533197997112,-0.46508427634374117,-0.46618317148792077,-0.5157657330994951,-0.5761505936934956,-0.4956165157420045,False,False,True,0.0,0.0,1.0,0.0,0.0
3,0,-0.19637702598280285,0.4783345406270387,-0.46618317148792077,-0.36159296659291,0.1576941696513503,-0.48746920059606846,True,False,False,0.0,0.0,1.0,0.0,0.0
1,0,-0.08113533197997112,-0.46508427634374117,-0.46618317148792077,-0.10973011184690733,-0.5761505936934956,0.40146222703469236,False,False,True,0.0,0.0,1.0,0.0,0.0
3,0,-1.6561051500186716,3.3085909915393783,0.7277823612437324,-0.05611258750201434,2.3592284596858883,-0.5519714624036176,False,True,False,1.0,0.0,0.0,0.0,0.0
2,0,0.9560399140455145,0.4783345406270387,-0.46618317148792077,-0.10036005904877071,0.1576941696513503,-0.1988904700543279,False,False,True,0.0,0.0,1.0,0.0,0.0
1,1,0.8023843220417389,0.4783345406270387,0.7277823612437324,2.138041442728316,0.1576941696513503,2.2738265773429776,True,False,False,0.0,0.0,0.0,1.0,0.0
3,1,-1.886588538024335,3.3085909915393783,1.9217478939753856,-0.009002044266938455,1.6253836963410422,-0.4589570478881491,False,False,True,0.0,1.0,0.0,0.0,0.0
3,0,0.03410636202286062,-0.46508427634374117,-0.46618317148792077,-0.49815419830690855,-0.5761505936934956,-0.4567063003245414,False,False,True,0.0,0.0,1.0,0.0,0.0
3,1,-0.08113533197997112,-0.46508427634374117,-0.46618317148792077,-0.5011900954135049,-0.5761505936934956,-0.46341368907822567,False,True,False,0.0,1.0,0.0,0.0,0.0
3,0,-1.963416334026223,3.3085909915393783,0.7277823612437324,-0.05611258750201434,2.3592284596858883,-0.5519714624036176,False,True,False,1.0,0.0,0.0,0.0,0.0
2,0,-2.2069604473522073,0.4783345406270387,0.7277823612437324,-0.2721443603479425,0.8915389329961962,-0.5324197462148946,False,False,True,1.0,0.0,0.0,0.0,0.0
2,1,-0.11954922998091504,0.4783345406270387,-0.46618317148792077,-0.12118239860018547,-0.5761505936934956,0.37616000608458033,False,False,True,0.0,0.0,0.0,1.0,0.0
3,0,-0.7341715979960176,-0.46508427634374117,-0.46618317148792077,-0.5790135894869175,-0.5761505936934956,-0.6353537814437593,True,False,False,0.0,0.0,1.0,0.0,0.0
3,0,-0.08113533197997112,-0.46508427634374117,-0.46618317148792077,-0.5121218236779976,-0.5761505936934956,-0.48756580907605984,True,False,False,0.0,0.0,1.0,0.0,0.0
1,0,-0.08113533197997112,-0.46508427634374117,-0.46618317148792077,-0.023404856534652064,-0.5761505936934956,0.5921857681528271,True,False,False,0.0,0.0,1.0,0.0,0.0
3,0,-0.9646549860016811,-0.46508427634374117,-0.46618317148792077,-0.48218971057283894,-0.5761505936934956,-0.4214350043200854,False,False,True,0.0,0.0,1.0,0.0,0.0
3,0,-0.08113533197997112,-0.46508427634374117,-0.46618317148792077,-0.4811485935952681,-0.5761505936934956,-0.41913480241552975,True,False,False,0.0,0.0,1.0,0.0,0.0
3,0,-0.0427214339790272,-0.46508427634374117,-0.46618317148792077,-0.5006695369247195,-0.5761505936934956,-0.46226358812594787,False,False,True,0.0,0.0,1.0,0.0,0.0
3,0,0.41824534203229974,-0.46508427634374117,-0.46618317148792077,-0.5142040576331391,-0.5761505936934956,-0.4921662128851711,False,False,True,0.0,0.0,1.0,0.0,0.0
3,1,-1.8097607420224473,3.3085909915393783,1.9217478939753856,-0.01134455746647263,3.82691798637558,-0.614405514098699,False,False,True,0.0,1.0,0.0,0.0,0.0
3,1,-0.8109993939979054,-0.46508427634374117,-0.46618317148792077,-0.49849984914346207,-0.5761505936934956,-0.45746996735685386,False,True,False,0.0,1.0,0.0,0.0,0.0
3,0,-0.6573438019941298,-0.46508427634374117,-0.46618317148792077,-0.4990204076322475,-0.5761505936934956,-0.4586200683091318,False,False,True,0.0,0.0,1.0,0.0,0.0
3,0,-0.7341715979960176,-0.46508427634374117,-0.46618317148792077,-0.4575506361816498,0.1576941696513503,-0.5934717051656103,False,False,True,0.0,0.0,1.0,0.0,0.0
2,1,-1.7329329460205594,-0.46508427634374117,1.9217478939753856,-0.11597681371233177,0.8915389329961962,-0.417409650987113,False,False,True,0.0,1.0,0.0,0.0,0.0
3,0,0.7255565260398511,-0.46508427634374117,-0.46618317148792077,-0.4975461859920073,-0.5761505936934956,-0.45536298241228096,False,False,True,0.0,0.0,1.0,0.0,0.0
3,0,-0.2732048219846907,0.4783345406270387,-0.46618317148792077,-0.36159296659291,-0.5761505936934956,-0.15499341690778817,True,False,False,0.0,0.0,1.0,0.0,0.0
3,1,1.186523302051178,-0.46508427634374117,0.7277823612437324,-0.36159296659291,0.1576941696513503,-0.48746920059606846,True,False,False,0.0,0.0,0.0,1.0,0.0
3,0,0.2645897500285241,0.4783345406270387,0.7277823612437324,-0.2351847076441813,0.8915389329961962,-0.5052006903443198,False,False,True,0.0,0.0,1.0,0.0,0.0
2,0,-2.1170719260299986,0.4783345406270387,0.7277823612437324,-0.12118239860018547,0.8915389329961962,-0.4212433208280391,False,False,True,1.0,0.0,0.0,0.0,0.0
1,1,-0.08113533197997112,0.4783345406270387,-0.46618317148792077,1.192794680920202,0.1576941696513503,1.2296315211547115,True,False,False,0.0,0.0,0.0,1.0,0.0
3,1,-0.2732048219846907,0.4783345406270387,-0.46618317148792077,-0.32732356015919156,0.1576941696513503,-0.44961247765089185,False,False,True,0.0,0.0,0.0,1.0,0.0
3,0,0.18776195402663626,-0.46508427634374117,-0.46618317148792077,0.5138115038918489,3.82691798637558,-0.4486542792575084,False,False,True,0.0,0.0,1.0,0.0,0.0
1,1,0.41824534203229974,-0.46508427634374117,-0.46618317148792077,2.1616394001419343,0.8915389329961962,1.2599481822567544,False,False,True,0.0,1.0,0.0,0.0,0.0
3,1,-0.11954922998091504,0.4783345406270387,0.7277823612437324,-0.3627215373965967,0.1576941696513503,-0.4887159100283377,False,False,True,0.0,0.0,0.0,1.0,0.0
3,0,0.7255565260398511,0.4783345406270387,5.503644492170345,-0.01134455746647263,3.82691798637558,-0.614405514098699,False,False,True,0.0,0.0,1.0,0.0,0.0
3,0,-0.11954922998091504,-0.46508427634374117,-0.46618317148792077,-0.464751001198529,-0.5761505936934956,-0.38290662241877854,False,False,True,0.0,0.0,1.0,0.0,0.0
1,0,0.5719009340360754,-0.46508427634374117,0.7277823612437324,-0.04413974225995086,-0.5761505936934956,0.5463749470216972,True,False,False,0.0,0.0,1.0,0.0,0.0
3,0,-0.08113533197997112,-0.46508427634374117,-0.46618317148792077,-0.5116012651892122,-0.5761505936934956,-0.486415708123782,False,False,True,0.0,0.0,1.0,0.0,0.0
3,0,-1.963416334026223,3.3085909915393783,1.9217478939753856,-0.01134455746647263,3.82691798637558,-0.614405514098699,False,False,True,1.0,0.0,0.0,0.0,0.0
1,0,-0.5036882099903541,-0.46508427634374117,0.7277823612437324,0.6567048090634326,-0.5761505936934956,2.0947926623037945,True,False,False,0.0,0.0,1.0,0.0,0.0
3,0,0.6487287300379633,-0.46508427634374117,-0.46618317148792077,-0.5157657330994951,-0.5761505936934956,-0.4956165157420045,False,False,True,0.0,0.0,1.0,0.0,0.0
3,0,-0.35003261798657853,-0.46508427634374117,-0.46618317148792077,-0.5157657330994951,-0.5761505936934956,-0.4956165157420045,False,False,True,0.0,0.0,1.0,0.0,0.0
2,1,-0.0427214339790272,-0.46508427634374117,-0.46618317148792077,-0.44392866164711425,-0.5761505936934956,-0.33690258432766584,False,False,True,0.0,0.0,0.0,1.0,0.0
1,0,1.8779734660681684,-0.46508427634374117,-0.46618317148792077,0.41733535804827876,-0.5761505936934956,1.5659394412159813,False,False,True,0.0,0.0,1.0,0.0,0.0
2,1,-0.42686041398846636,-0.46508427634374117,1.9217478939753856,-0.36063930344145523,0.1576941696513503,-0.486415708123782,False,False,True,0.0,0.0,0.0,1.0,0.0
3,0,-0.11954922998091504,-0.46508427634374117,-0.46618317148792077,-0.49815419830690855,-0.5761505936934956,-0.4567063003245414,False,False,True,0.0,0.0,1.0,0.0,0.0
3,1,-0.08113533197997112,-0.46508427634374117,1.9217478939753856,-0.1970111125445726,0.1576941696513503,-0.30565894185808673,True,False,False,0.0,0.0,0.0,1.0,0.0
3,1,-1.1951383740073447,-0.46508427634374117,-0.46618317148792077,-0.4990204076322475,-0.5761505936934956,-0.4586200683091318,False,False,True,0.0,1.0,0.0,0.0,0.0
2,1,0.8792121180436268,-0.46508427634374117,0.7277823612437324,-0.25652760568438143,0.1576941696513503,-0.3714056128960004,False,False,True,0.0,0.0,0.0,1.0,0.0
3,0,-0.08113533197997112,-0.46508427634374117,-0.46618317148792077,-0.36063930344145523,-0.5761505936934956,-0.15288643196321522,False,False,True,0.0,0.0,1.0,0.0,0.0
2,1,1.570662282060617,-0.46508427634374117,-0.46618317148792077,-0.44392866164711425,-0.5761505936934956,-0.33690258432766584,False,False,True,0.0,1.0,0.0,0.0,0.0
3,0,-0.08113533197997112,-0.46508427634374117,-0.46618317148792077,-0.5120343698518817,-0.5761505936934956,-0.4873725921160772,True,False,False,0.0,0.0,1.0,0.0,0.0
3,0,-0.6573438019941298,-0.46508427634374117,-0.46618317148792077,-0.5006695369247195,-0.5761505936934956,-0.46226358812594787,False,False,True,0.0,0.0,1.0,0.0,0.0
1,1,-0.580516005992242,-0.46508427634374117,1.9217478939753856,0.36814258085806145,-0.5761505936934956,1.4572549012257279,True,False,False,0.0,1.0,0.0,0.0,0.0
3,0,-0.42686041398846636,-0.46508427634374117,-0.46618317148792077,-0.5064831341274745,-0.5761505936934956,-0.4751079155609866,False,False,True,0.0,0.0,1.0,0.0,0.0
2,1,-0.6573438019941298,-0.46508427634374117,-0.46618317148792077,-0.44392866164711425,-0.5761505936934956,-0.33690258432766584,False,False,True,0.0,1.0,0.0,0.0,0.0
3,0,1.647490078062505,-0.46508427634374117,-0.46618317148792077,-0.5156782792733793,-0.5761505936934956,-0.4954232987820219,False,False,True,0.0,0.0,1.0,0.0,0.0
2,1,-0.42686041398846636,1.4217533575978185,0.7277823612437324,-0.10036005904877071,0.1576941696513503,-0.1988904700543279,False,False,True,0.0,0.0,0.0,1.0,0.0
2,0,-0.8109993939979054,-0.46508427634374117,-0.46618317148792077,-0.3918728127685774,-0.5761505936934956,-0.2218924890998842,False,False,True,0.0,0.0,1.0,0.0,0.0
3,0,-0.580516005992242,-0.46508427634374117,-0.46618317148792077,-0.4949433935480804,-0.5761505936934956,-0.44961247765089185,False,False,True,0.0,0.0,1.0,0.0,0.0
1,0,2.4157680380813833,-0.46508427634374117,-0.46618317148792077,0.03498514803542525,-0.5761505936934956,0.7211902917679253,False,False,True,0.0,0.0,1.0,0.0,0.0
3,0,-0.08113533197997112,-0.46508427634374117,-0.46618317148792077,-0.4949433935480804,-0.5761505936934956,-0.44961247765089185,False,False,True,0.0,0.0,1.0,0.0,0.0
3,0,-0.8109993939979054,-0.46508427634374117,-0.46618317148792077,-0.45078337582744,-0.5761505936934956,-0.35204711366726016,False,False,True,0.0,0.0,1.0,0.0,0.0
3,0,-0.08113533197997112,-0.46508427634374117,-0.46618317148792077,-0.4949433935480804,-0.5761505936934956,-0.44961247765089185,False,False,True,0.0,0.0,1.0,0.0,0.0
3,1,-0.580516005992242,-0.46508427634374117,-0.46618317148792077,-0.5011900954135049,-0.5761505936934956,-0.46341368907822567,False,True,False,0.0,1.0,0.0,0.0,0.0
3,0,-0.11954922998091504,-0.46508427634374117,-0.46618317148792077,-0.1935400285413518,-0.5761505936934956,0.2162959737179638,False,False,True,0.0,0.0,1.0,0.0,0.0
2,1,1.8779734660681684,0.4783345406270387,3.1157134267070385,-0.18364941725442976,-0.5761505936934956,0.23814789181124238,False,False,True,0.0,0.0,0.0,1.0,0.0
3,0,0.8792121180436268,-0.46508427634374117,-0.46618317148792077,-0.5142040576331391,-0.5761505936934956,-0.4921662128851711,False,False,True,0.0,0.0,1.0,0.0,0.0
3,0,-0.08113533197997112,-0.46508427634374117,-0.46618317148792077,-0.5120343698518817,-0.5761505936934956,-0.4873725921160772,True,False,False,0.0,0.0,1.0,0.0,0.0
3,0,-0.08113533197997112,-0.46508427634374117,-0.46618317148792077,-0.49815419830690855,-0.5761505936934956,-0.4567063003245414,True,False,False,0.0,0.0,1.0,0.0,0.0
2,0,-0.6573438019941298,0.4783345406270387,-0.46618317148792077,-0.42310632209569954,-0.5761505936934956,-0.2908985462365532,False,False,True,0.0,0.0,1.0,0.0,0.0
2,1,0.8023843220417389,0.4783345406270387,0.7277823612437324,0.14950801556820642,0.1576941696513503,0.07713375849234806,False,False,True,0.0,0.0,0.0,1.0,0.0
2,0,0.49507313803418757,-0.46508427634374117,-0.46618317148792077,-0.44392866164711425,-0.5761505936934956,-0.33690258432766584,False,False,True,0.0,0.0,1.0,0.0,0.0
2,1,-0.0427214339790272,0.4783345406270387,-0.46618317148792077,-0.12118239860018547,-0.5761505936934956,0.37616000608458033,False,False,True,0.0,0.0,0.0,1.0,0.0
3,1,-1.1183105780054567,0.4783345406270387,-0.46618317148792077,-0.36159296659291,0.1576941696513503,-0.48746920059606846,True,False,False,0.0,0.0,0.0,1.0,0.0
3,0,0.8407982200426828,-0.46508427634374117,-0.46618317148792077,-0.5011900954135049,-0.5761505936934956,-0.46341368907822567,False,True,False,0.0,0.0,1.0,0.0,0.0
3,0,-0.0427214339790272,-0.46508427634374117,-0.46618317148792077,-0.5011900954135049,-0.5761505936934956,-0.46341368907822567,False,True,False,0.0,0.0,1.0,0.0,0.0
2,1,0.2645897500285241,-0.46508427634374117,1.9217478939753856,-0.12118239860018547,0.1576941696513503,-0.2218924890998842,False,False,True,0.0,0.0,0.0,1.0,0.0
3,0,-0.8109993939979054,-0.46508427634374117,-0.46618317148792077,-0.4949433935480804,-0.5761505936934956,-0.44961247765089185,False,False,True,0.0,0.0,1.0,0.0,0.0
2,0,0.41824534203229974,-0.46508427634374117,-0.46618317148792077,-0.44392866164711425,-0.5761505936934956,-0.33690258432766584,False,False,True,0.0,0.0,1.0,0.0,0.0
1,1,-0.8878271899997933,1.4217533575978185,1.9217478939753856,4.800698112865479,0.1576941696513503,5.215209762793493,True,False,False,0.0,1.0,0.0,0.0,0.0
3,1,-0.8878271899997933,0.4783345406270387,-0.46618317148792077,-0.2919255829217865,0.1576941696513503,-0.4105090452734461,False,False,True,0.0,0.0,0.0,1.0,0.0
1,0,-0.08113533197997112,-0.46508427634374117,-0.46618317148792077,0.2203039700430166,-0.5761505936934956,1.130626230778828,False,False,True,0.0,0.0,1.0,0.0,0.0
3,0,-0.08113533197997112,-0.46508427634374117,-0.46618317148792077,-0.5015378284840135,-0.5761505936934956,-0.4641819565143473,False,True,False,0.0,0.0,1.0,0.0,0.0
3,0,-0.08113533197997112,-0.46508427634374117,-0.46618317148792077,-0.4949433935480804,-0.5761505936934956,-0.44961247765089185,False,False,True,0.0,0.0,1.0,0.0,0.0
1,0,-0.6573438019941298,-0.46508427634374117,0.7277823612437324,0.946743341142999,0.1576941696513503,0.9578235626990859,False,False,True,0.0,0.0,1.0,0.0,0.0
3,1,-0.08113533197997112,-0.46508427634374117,-0.46618317148792077,-0.4995409661210328,-0.5761505936934956,-0.45977016926140957,False,True,False,0.0,1.0,0.0,0.0,0.0
1,1,0.7255565260398511,0.4783345406270387,0.7277823612437324,1.6462864962444193,1.6253836963410422,0.4553249049327193,True,False,False,0.0,0.0,0.0,1.0,0.0
3,0,-0.7341715979960176,-0.46508427634374117,-0.46618317148792077,-0.4990204076322475,-0.5761505936934956,-0.4586200683091318,False,False,True,0.0,0.0,1.0,0.0,0.0
1,0,2.1852846500757197,-0.46508427634374117,-0.46618317148792077,-0.04413974225995086,-0.5761505936934956,0.5463749470216972,True,False,False,0.0,0.0,1.0,0.0,0.0
1,0,1.4938344860587294,0.4783345406270387,-0.46618317148792077,0.522835905853432,0.1576941696513503,0.48954155836393665,True,False,False,0.0,0.0,0.0,0.0,1.0
3,1,-1.886588538024335,1.4217533575978185,0.7277823612437324,-0.2615603651539584,1.6253836963410422,-0.59845509259183,True,False,False,0.0,1.0,0.0,0.0,0.0
1,1,0.7255565260398511,0.4783345406270387,0.7277823612437324,0.9959361183332165,0.8915389329961962,0.40146222703469236,False,False,True,0.0,0.0,0.0,1.0,0.0
3,0,-0.9646549860016811,-0.46508427634374117,-0.46618317148792077,-0.48218971057283894,-0.5761505936934956,-0.4214350043200854,False,False,True,0.0,0.0,1.0,0.0,0.0
1,0,2.723079222088934,-0.46508427634374117,0.7277823612437324,0.6279887205880765,-0.5761505936934956,2.0313484933723407,True,False,False,0.0,0.0,1.0,0.0,0.0
1,1,-0.08113533197997112,0.4783345406270387,-0.46618317148792077,2.120342454109614,0.1576941696513503,2.2542748611542547,False,False,True,0.0,0.0,0.0,1.0,0.0
1,1,-0.08113533197997112,-0.46508427634374117,-0.46618317148792077,1.6462864962444193,1.6253836963410422,0.4553249049327193,True,False,False,0.0,1.0,0.0,0.0,0.0
3,0,-0.6573438019941298,-0.46508427634374117,-0.46618317148792077,-0.4949433935480804,-0.5761505936934956,-0.44961247765089185,False,False,True,0.0,0.0,1.0,0.0,0.0
1,0,0.11093415802474844,-0.46508427634374117,-0.46618317148792077,0.3888774665833603,-0.5761505936934956,1.503065722356858,False,False,True,0.0,0.0,1.0,0.0,0.0
3,0,0.18776195402663626,-0.46508427634374117,-0.46618317148792077,-0.4975461859920073,-0.5761505936934956,-0.45536298241228096,False,False,True,0.0,0.0,1.0,0.0,0.0
2,0,0.7255565260398511,-0.46508427634374117,-0.46618317148792077,-0.3918728127685774,-0.5761505936934956,-0.2218924890998842,False,False,True,0.0,0.0,1.0,0.0,0.0
3,0,-0.7341715979960176,-0.46508427634374117,-0.46618317148792077,-0.4949433935480804,-0.5761505936934956,-0.44961247765089185,False,False,True,0.0,0.0,1.0,0.0,0.0
2,0,0.3414175460304119,-0.46508427634374117,-0.46618317148792077,-0.3918728127685774,-0.5761505936934956,-0.2218924890998842,False,False,True,0.0,0.0,1.0,0.0,0.0
1,0,1.3401788940549537,-0.46508427634374117,-0.46618317148792077,-0.1297716136651441,-0.5761505936934956,0.3571833403719963,False,False,True,0.0,0.0,1.0,0.0,0.0
1,0,0.49507313803418757,-0.46508427634374117,-0.46618317148792077,-0.1151959759791537,-0.5761505936934956,0.3893861670357753,False,False,True,0.0,0.0,1.0,0.0,0.0
3,0,-0.6573438019941298,-0.46508427634374117,-0.46618317148792077,-0.32732356015919156,0.1576941696513503,-0.44961247765089185,False,False,True,0.0,0.0,1.0,0.0,0.0
3,0,-0.08113533197997112,-0.46508427634374117,-0.46618317148792077,-0.4949433935480804,-0.5761505936934956,-0.44961247765089185,False,False,True,0.0,0.0,1.0,0.0,0.0
3,0,-0.08113533197997112,-0.46508427634374117,-0.46618317148792077,-0.49815419830690855,-0.5761505936934956,-0.4567063003245414,False,False,True,0.0,0.0,1.0,0.0,0.0
3,1,0.03410636202286062,-0.46508427634374117,-0.46618317148792077,-0.48218971057283894,-0.5761505936934956,-0.4214350043200854,False,False,True,0.0,1.0,0.0,0.0,0.0
3,0,-0.08113533197997112,-0.46508427634374117,-0.46618317148792077,-0.49815419830690855,-0.5761505936934956,-0.4567063003245414,False,False,True,0.0,0.0,1.0,0.0,0.0
3,0,-0.08113533197997112,-0.46508427634374117,-0.46618317148792077,-0.5121218236779976,-0.5761505936934956,-0.48756580907605984,True,False,False,0.0,0.0,1.0,0.0,0.0
3,0,0.2645897500285241,-0.46508427634374117,-0.46618317148792077,-0.48236253599111567,-0.5761505936934956,-0.42181683783624163,False,False,True,0.0,0.0,1.0,0.0,0.0
1,1,0.03410636202286062,-0.46508427634374117,-0.46618317148792077,0.522835905853432,0.1576941696513503,0.48954155836393665,True,False,False,0.0,1.0,0.0,0.0,0.0
2,0,-2.1938997220318863,1.4217533575978185,0.7277823612437324,0.14950801556820642,0.1576941696513503,0.07713375849234806,False,False,True,1.0,0.0,0.0,0.0,0.0
3,1,-0.7341715979960176,-0.46508427634374117,-0.46618317148792077,-0.48218971057283894,-0.5761505936934956,-0.4214350043200854,False,False,True,0.0,1.0,0.0,0.0,0.0
2,1,0.3414175460304119,0.4783345406270387,0.7277823612437324,0.014162808484010483,-0.5761505936934956,0.6751862536768126,False,False,True,0.0,0.0,0.0,1.0,0.0
1,0,1.186523302051178,-0.46508427634374117,-0.46618317148792077,0.07662982713825477,-0.5761505936934956,0.8131983679501507,False,False,True,0.0,0.0,1.0,0.0,0.0
2,1,0.49507313803418757,-0.46508427634374117,-0.46618317148792077,-0.3918728127685774,-0.5761505936934956,-0.2218924890998842,False,False,True,0.0,0.0,0.0,1.0,0.0
3,0,0.7255565260398511,-0.46508427634374117,-0.46618317148792077,-0.4975461859920073,-0.5761505936934956,-0.45536298241228096,False,False,True,0.0,0.0,1.0,0.0,0.0
3,0,-0.7341715979960176,0.4783345406270387,0.7277823612437324,-0.3347842044204636,0.1576941696513503,-0.4578541010749147,True,False,False,0.0,0.0,1.0,0.0,0.0
3,0,0.3798314440313558,-0.46508427634374117,-0.46618317148792077,-0.5285194160747367,-0.5761505936934956,-0.523793989072811,True,False,False,0.0,0.0,1.0,0.0,0.0
3,0,-0.11954922998091504,-0.46508427634374117,-0.46618317148792077,-0.464751001198529,-0.5761505936934956,-0.38290662241877854,False,False,True,0.0,0.0,1.0,0.0,0.0
3,0,-0.08113533197997112,1.4217533575978185,-0.46618317148792077,-0.17844383236657607,0.1576941696513503,-0.28514804147516415,False,True,False,0.0,0.0,1.0,0.0,0.0
3,0,-0.08113533197997112,-0.46508427634374117,-0.46618317148792077,-0.4949433935480804,-0.5761505936934956,-0.44961247765089185,False,False,True,0.0,0.0,1.0,0.0,0.0
3,1,-1.502449558014896,-0.46508427634374117,1.9217478939753856,-0.1597037267703028,0.8915389329961962,-0.4496124776508919,False,False,True,0.0,1.0,0.0,0.0,0.0
3,1,-1.5792773540167837,0.4783345406270387,0.7277823612437324,-0.3451100026040101,0.1576941696513503,-0.4692608023196061,True,False,False,0.0,1.0,0.0,0.0,0.0
3,0,-0.08113533197997112,-0.46508427634374117,-0.46618317148792077,-0.49815419830690855,-0.5761505936934956,-0.4567063003245414,False,False,True,0.0,0.0,1.0,0.0,0.0
3,0,-0.6957576999950738,-0.46508427634374117,-0.46618317148792077,-0.5116012651892122,-0.5761505936934956,-0.486415708123782,False,False,True,0.0,0.0,1.0,0.0,0.0
1,1,-0.08113533197997112,0.4783345406270387,-0.46618317148792077,0.4201984297365983,0.1576941696513503,0.37616000608458033,False,False,True,0.0,0.0,0.0,1.0,0.0
1,1,0.49507313803418757,-0.46508427634374117,-0.46618317148792077,2.1616394001419343,0.8915389329961962,1.2599481822567544,True,False,False,0.0,1.0,0.0,0.0,0.0
3,0,-0.08113533197997112,-0.46508427634374117,-0.46618317148792077,-0.4949433935480804,-0.5761505936934956,-0.44961247765089185,False,False,True,0.0,0.0,1.0,0.0,0.0
3,0,-0.08113533197997112,-0.46508427634374117,-0.46618317148792077,-0.5053545633237878,-0.5761505936934956,-0.47261449669644817,False,False,True,0.0,0.0,1.0,0.0,0.0
3,0,-0.7341715979960176,-0.46508427634374117,-0.46618317148792077,-0.48218971057283894,-0.5761505936934956,-0.4214350043200854,False,False,True,0.0,0.0,1.0,0.0,0.0
3,1,-0.580516005992242,-0.46508427634374117,-0.46618317148792077,-0.44358092857660564,-0.5761505936934956,-0.33613431689154427,False,False,True,0.0,1.0,0.0,0.0,0.0
2,0,0.7255565260398511,-0.46508427634374117,-0.46618317148792077,-0.3918728127685774,-0.5761505936934956,-0.2218924890998842,False,False,True,0.0,0.0,1.0,0.0,0.0
3,1,0.5719009340360754,-0.46508427634374117,-0.46618317148792077,-0.4629290464877802,-0.5761505936934956,-0.37888126908580616,False,False,True,0.0,1.0,0.0,0.0,0.0
2,1,1.4170066900568414,0.4783345406270387,1.9217478939753856,0.6908888439049902,0.1576941696513503,0.6751862536768126,False,False,True,0.0,0.0,0.0,1.0,0.0
2,0,-0.5036882099903541,-0.46508427634374117,-0.46618317148792077,-0.3918728127685774,-0.5761505936934956,-0.2218924890998842,False,False,True,0.0,0.0,1.0,0.0,0.0
3,1,-0.08113533197997112,-0.46508427634374117,-0.46618317148792077,-0.5014503746578975,-0.5761505936934956,-0.46398873955436454,False,True,False,0.0,1.0,0.0,0.0,0.0
2,0,3.107218202098373,-0.46508427634374117,-0.46618317148792077,-0.44392866164711425,-0.5761505936934956,-0.33690258432766584,False,False,True,0.0,0.0,1.0,0.0,0.0
3,1,0.18776195402663626,0.4783345406270387,0.7277823612437324,-0.33981696389004046,0.1576941696513503,-0.46341368907822567,False,True,False,0.0,0.0,0.0,1.0,0.0
3,0,-1.041482782003569,0.4783345406270387,0.7277823612437324,-0.24091085102082035,0.1576941696513503,-0.3541540986118331,False,False,True,0.0,0.0,1.0,0.0,0.0
2,0,-0.6573438019941298,-0.46508427634374117,-0.46618317148792077,0.8678787300920157,2.3592284596858883,-0.14368562434499274,False,False,True,0.0,0.0,1.0,0.0,0.0
3,0,-0.08113533197997112,-0.46508427634374117,-0.46618317148792077,-0.5116012651892122,-0.5761505936934956,-0.486415708123782,False,False,True,0.0,0.0,1.0,0.0,0.0
2,0,0.9560399140455145,-0.46508427634374117,-0.46618317148792077,-0.3918728127685774,-0.5761505936934956,-0.2218924890998842,False,False,True,0.0,0.0,0.0,0.0,1.0
3,0,-0.42686041398846636,-0.46508427634374117,-0.46618317148792077,-0.5002364322620501,-0.5761505936934956,-0.4613067041336527,False,False,True,0.0,0.0,1.0,0.0,0.0
3,1,-0.580516005992242,-0.46508427634374117,-0.46618317148792077,-0.5011900954135049,-0.5761505936934956,-0.46341368907822567,False,False,True,0.0,1.0,0.0,0.0,0.0
3,0,0.8023843220417389,-0.46508427634374117,-0.46618317148792077,-0.5121218236779976,-0.5761505936934956,-0.48756580907605984,True,False,False,0.0,0.0,1.0,0.0,0.0
1,0,-2.2000459457120374,0.4783345406270387,1.9217478939753856,2.493062332079938,1.6253836963410422,0.9230330088926822,False,False,True,1.0,0.0,0.0,0.0,0.0
3,0,0.2645897500285241,-0.46508427634374117,-0.46618317148792077,-0.48218971057283894,-0.5761505936934956,-0.4214350043200854,True,False,False,0.0,0.0,1.0,0.0,0.0
3,0,-0.8878271899997933,-0.46508427634374117,-0.46618317148792077,-0.5006695369247195,-0.5761505936934956,-0.46226358812594787,False,False,True,0.0,0.0,1.0,0.0,0.0
3,0,-0.11954922998091504,-0.46508427634374117,-0.46618317148792077,0.5138115038918489,3.82691798637558,-0.4486542792575084,False,False,True,0.0,0.0,1.0,0.0,0.0
2,0,0.5719009340360754,0.4783345406270387,-0.46618317148792077,-0.12118239860018547,-0.5761505936934956,0.37616000608458033,False,False,True,0.0,0.0,1.0,0.0,0.0
3,1,-1.886588538024335,-0.46508427634374117,-0.46618317148792077,-0.4028045410330702,0.1576941696513503,-0.5329947966910336,False,False,True,0.0,1.0,0.0,0.0,0.0
3,1,-1.2719661700092324,-0.46508427634374117,-0.46618317148792077,-0.5120343698518817,-0.5761505936934956,-0.4873725921160772,True,False,False,0.0,1.0,0.0,0.0,0.0
2,0,-0.19637702598280285,-0.46508427634374117,-0.46618317148792077,-0.12118239860018547,-0.5761505936934956,0.37616000608458033,False,False,True,0.0,0.0,1.0,0.0,0.0
2,1,0.6487287300379633,-0.46508427634374117,-0.46618317148792077,-0.3918728127685774,-0.5761505936934956,-0.2218924890998842,False,False,True,0.0,1.0,0.0,0.0,0.0
3,0,0.9560399140455145,-0.46508427634374117,-0.46618317148792077,-0.5053545633237878,-0.5761505936934956,-0.47261449669644817,False,False,True,0.0,0.0,1.0,0.0,0.0
3,0,-2.0402441300281104,0.4783345406270387,0.7277823612437324,-0.3314880280694745,0.1576941696513503,-0.45421288146000316,False,False,True,1.0,0.0,0.0,0.0,0.0
2,1,-0.11954922998091504,-0.46508427634374117,-0.46618317148792077,-0.3991606316115725,-0.5761505936934956,-0.23799390243177362,False,False,True,0.0,0.0,0.0,1.0,0.0
1,1,1.570662282060617,-0.46508427634374117,0.7277823612437324,4.491398916700854,0.1576941696513503,4.87353317148699,True,False,False,0.0,0.0,0.0,1.0,0.0
1,0,1.647490078062505,-0.46508427634374117,-0.46618317148792077,-0.10973011184690733,-0.5761505936934956,0.40146222703469236,False,False,True,0.0,0.0,1.0,0.0,0.0
3,0,-0.08113533197997112,-0.46508427634374117,-0.46618317148792077,-0.5120343698518817,-0.5761505936934956,-0.4873725921160772,True,False,False,0.0,0.0,1.0,0.0,0.0
1,1,-0.2732048219846907,-0.46508427634374117,-0.46618317148792077,0.9792782466920845,0.1576941696513503,0.9937642174577677,False,False,True,0.0,1.0,0.0,0.0,0.0
3,0,-0.08113533197997112,-0.46508427634374117,-0.46618317148792077,-0.49815419830690855,-0.5761505936934956,-0.4567063003245414,False,False,True,0.0,0.0,1.0,0.0,0.0
1,1,-0.42686041398846636,-0.46508427634374117,-0.46618317148792077,0.3682300346841773,-0.5761505936934956,1.4574481181857104,True,False,False,0.0,1.0,0.0,0.0,0.0
1,0,0.9560399140455145,0.4783345406270387,-0.46618317148792077,0.43173817031599243,-0.5761505936934956,1.5977604343636043,False,False,True,0.0,0.0,1.0,0.0,0.0
1,0,0.9560399140455145,-0.46508427634374117,-0.46618317148792077,-0.1151959759791537,-0.5761505936934956,0.3893861670357753,False,False,True,0.0,0.0,1.0,0.0,0.0
3,0,-0.08113533197997112,-0.46508427634374117,-0.46618317148792077,-0.49815419830690855,-0.5761505936934956,-0.4567063003245414,False,False,True,0.0,0.0,1.0,0.0,0.0
2,0,0.49507313803418757,0.4783345406270387,1.9217478939753856,-0.08474330438520963,0.8915389329961962,-0.3944076319415567,False,False,True,0.0,0.0,1.0,0.0,0.0
1,1,-0.8109993939979054,-0.46508427634374117,1.9217478939753856,-0.11528342980526965,-0.5761505936934956,0.3891929500757926,False,False,True,0.0,1.0,0.0,0.0,0.0
3,1,-0.08113533197997112,7.082266259422497,1.9217478939753856,0.7856304888639273,3.82691798637558,-0.3628620058219366,False,False,True,0.0,1.0,0.0,0.0,0.0
1,0,2.723079222088934,-0.46508427634374117,-0.46618317148792077,-0.10973011184690733,-0.5761505936934956,0.40146222703469236,False,False,True,0.0,0.0,1.0,0.0,0.0
3,1,-1.1183105780054567,-0.46508427634374117,-0.46618317148792077,-0.49537649821074986,-0.5761505936934956,-0.45056936164318706,False,True,False,0.0,1.0,0.0,0.0,0.0
3,1,-0.08113533197997112,-0.46508427634374117,-0.46618317148792077,-0.5121218236779976,-0.5761505936934956,-0.48756580907605984,True,False,False,0.0,0.0,0.0,1.0,0.0
1,0,1.2633510980530658,-0.46508427634374117,-0.46618317148792077,0.9865660655350799,0.1576941696513503,1.0018149241237126,True,False,False,0.0,0.0,1.0,0.0,0.0
1,0,-0.11954922998091504,-0.46508427634374117,-0.46618317148792077,0.31816896593466604,-0.5761505936934956,1.3468452098070576,False,False,True,0.0,0.0,1.0,0.0,0.0
2,1,1.570662282060617,-0.46508427634374117,0.7277823612437324,-0.12118239860018547,0.1576941696513503,-0.2218924890998842,False,False,True,0.0,0.0,0.0,1.0,0.0
1,1,-0.8109993939979054,0.4783345406270387,-0.46618317148792077,1.233918801534246,0.1576941696513503,1.2750605087696854,True,False,False,0.0,0.0,0.0,1.0,0.0
3,1,-0.08113533197997112,0.4783345406270387,-0.46618317148792077,-0.1597037267703028,0.8915389329961962,-0.4496124776508919,False,True,False,0.0,1.0,0.0,0.0,0.0
1,0,-0.35003261798657853,0.4783345406270387,-0.46618317148792077,0.4918626757707025,-0.5761505936934956,1.7305970943516917,True,False,False,0.0,0.0,1.0,0.0,0.0
1,1,2.4925958340832706,-0.46508427634374117,-0.46618317148792077,1.0032239371762115,0.1576941696513503,1.0202165393601577,False,False,True,0.0,0.0,0.0,1.0,0.0
1,0,-0.19637702598280285,0.4783345406270387,-0.46618317148792077,0.4431030032431546,0.1576941696513503,0.40146222703469236,False,False,True,0.0,0.0,1.0,0.0,0.0
1,1,0.41824534203229974,0.4783345406270387,-0.46618317148792077,1.2114473326903592,0.1576941696513503,1.2502367298157209,False,False,True,0.0,0.0,0.0,1.0,0.0
3,0,-0.08113533197997112,-0.46508427634374117,-0.46618317148792077,-0.3481458997106064,-0.5761505936934956,-0.12528400910854764,False,False,True,0.0,0.0,1.0,0.0,0.0
3,0,0.9560399140455145,-0.46508427634374117,-0.46618317148792077,-0.5032723293686463,-0.5761505936934956,-0.4680140928873369,False,False,True,0.0,0.0,1.0,0.0,0.0
3,0,-0.08113533197997112,-0.46508427634374117,-0.46618317148792077,-0.49815419830690855,-0.5761505936934956,-0.4567063003245414,True,False,False,0.0,0.0,1.0,0.0,0.0
1,1,-0.08113533197997112,0.4783345406270387,-0.46618317148792077,0.41733535804827876,-0.5761505936934956,1.5659394412159813,False,False,True,0.0,0.0,0.0,1.0,0.0
3,0,-0.42686041398846636,-0.46508427634374117,-0.46618317148792077,-0.5157657330994951,-0.5761505936934956,-0.4956165157420045,False,False,True,0.0,0.0,1.0,0.0,0.0
3,0,-0.42686041398846636,-0.46508427634374117,-0.46618317148792077,-0.5138563245626304,-0.5761505936934956,-0.4913979454490495,False,False,True,0.0,0.0,1.0,0.0,0.0
2,1,-1.963416334026223,1.4217533575978185,0.7277823612437324,0.14950801556820642,0.1576941696513503,0.07713375849234806,False,False,True,0.0,1.0,0.0,0.0,0.0
2,1,-0.11954922998091504,-0.46508427634374117,-0.46618317148792077,-0.3918728127685774,-0.5761505936934956,-0.2218924890998842,False,False,True,0.0,1.0,0.0,0.0,0.0
2,0,-0.8878271899997933,-0.46508427634374117,-0.46618317148792077,0.8678787300920157,2.3592284596858883,-0.14368562434499274,False,False,True,0.0,0.0,1.0,0.0,0.0
3,1,-0.19637702598280285,-0.46508427634374117,1.9217478939753856,-0.4307418740092033,0.8915389329961962,-0.6492193985244206,False,False,True,0.0,0.0,0.0,1.0,0.0
1,0,-0.08113533197997112,-0.46508427634374117,-0.46618317148792077,0.16200141929905532,-0.5761505936934956,1.0018149241237126,True,False,False,0.0,0.0,0.0,0.0,1.0
3,0,-1.1951383740073447,4.252009808510158,1.9217478939753856,0.314004498024383,3.0930732230307343,-0.46034675320548485,False,False,True,0.0,0.0,1.0,0.0,0.0
2,1,-0.11954922998091504,0.4783345406270387,-0.46618317148792077,-0.162827077703015,0.1576941696513503,-0.2678965271909969,True,False,False,0.0,0.0,0.0,1.0,0.0
3,0,-0.580516005992242,-0.46508427634374117,-0.46618317148792077,-0.4678743521312413,-0.5761505936934956,-0.38980722813244545,False,False,True,0.0,0.0,1.0,0.0,0.0
1,0,0.5719009340360754,0.4783345406270387,0.7277823612437324,0.43173817031599243,0.1576941696513503,0.38890772503962767,False,False,True,0.0,0.0,1.0,0.0,0.0
3,0,1.3401788940549537,-0.46508427634374117,-0.46618317148792077,-0.5116012651892122,-0.5761505936934956,-0.486415708123782,False,False,True,0.0,0.0,1.0,0.0,0.0
3,0,-0.08113533197997112,-0.46508427634374117,-0.46618317148792077,-0.36063930344145523,0.1576941696513503,-0.486415708123782,False,False,True,0.0,0.0,1.0,0.0,0.0
2,0,-0.11954922998091504,-0.46508427634374117,-0.46618317148792077,-0.3918728127685774,-0.5761505936934956,-0.2218924890998842,False,False,True,0.0,0.0,1.0,0.0,0.0
3,0,0.49507313803418757,0.4783345406270387,0.7277823612437324,-0.1597037267703028,0.8915389329961962,-0.4496124776508919,False,False,True,0.0,0.0,1.0,0.0,0.0
3,0,-0.7341715979960176,-0.46508427634374117,-0.46618317148792077,-0.5120343698518817,-0.5761505936934956,-0.4873725921160772,True,False,False,0.0,0.0,1.0,0.0,0.0
2,1,1.9548012620700563,-0.46508427634374117,-0.46618317148792077,-0.3294057941143331,-0.5761505936934956,-0.08388037482654624,False,False,True,0.0,0.0,0.0,1.0,0.0
3,1,-0.08113533197997112,2.3651721745685985,0.7277823612437324,-0.13228695228295498,1.6253836963410422,-0.5270522250706141,False,False,True,0.0,1.0,0.0,0.0,0.0
3,0,-0.580516005992242,-0.46508427634374117,-0.46618317148792077,-0.5142040576331391,-0.5761505936934956,-0.4921662128851711,False,False,True,0.0,0.0,1.0,0.0,0.0
2,1,2.108456854073832,-0.46508427634374117,-0.46618317148792077,-0.44392866164711425,0.1576941696513503,-0.5784237843060073,False,False,True,0.0,0.0,0.0,1.0,0.0
3,0,-0.0427214339790272,0.4783345406270387,-0.46618317148792077,-0.5158531869256111,-0.5761505936934956,-0.49580973270198725,False,False,True,0.0,0.0,1.0,0.0,0.0
3,0,-0.2732048219846907,1.4217533575978185,-0.46618317148792077,-0.48218971057283894,-0.5761505936934956,-0.4214350043200854,False,False,True,0.0,0.0,1.0,0.0,0.0
3,0,-0.08113533197997112,-0.46508427634374117,-0.46618317148792077,-0.4949433935480804,-0.5761505936934956,-0.44961247765089185,False,False,True,0.0,0.0,1.0,0.0,0.0
1,1,0.7255565260398511,0.4783345406270387,-0.46618317148792077,0.5014055539871158,0.1576941696513503,0.46586788036225,False,False,True,0.0,0.0,0.0,1.0,0.0
3,0,0.18776195402663626,-0.46508427634374117,-0.46618317148792077,-0.49815419830690855,-0.5761505936934956,-0.4567063003245414,False,False,True,0.0,0.0,1.0,0.0,0.0
3,1,0.03410636202286062,-0.46508427634374117,-0.46618317148792077,-0.4028045410330702,0.1576941696513503,-0.5329947966910336,False,False,True,0.0,1.0,0.0,0.0,0.0
1,1,0.6487287300379633,-0.46508427634374117,-0.46618317148792077,1.0032239371762115,0.1576941696513503,1.0202165393601577,False,False,True,0.0,1.0,0.0,0.0,0.0
3,0,-0.08113533197997112,-0.46508427634374117,-0.46618317148792077,-0.49815419830690855,-0.5761505936934956,-0.4567063003245414,False,False,True,0.0,0.0,1.0,0.0,0.0
3,1,-0.8878271899997933,-0.46508427634374117,-0.46618317148792077,-0.5064831341274745,-0.5761505936934956,-0.4751079155609866,False,False,True,0.0,1.0,0.0,0.0,0.0
2,1,-0.42686041398846636,0.4783345406270387,1.9217478939753856,0.6908888439049902,0.1576941696513503,0.6751862536768126,False,False,True,0.0,1.0,0.0,0.0,0.0
3,1,-1.963416334026223,0.4783345406270387,0.7277823612437324,-0.3148301564283428,0.1576941696513503,-0.4358112662235581,False,False,True,0.0,1.0,0.0,0.0,0.0
3,1,-0.580516005992242,-0.46508427634374117,-0.46618317148792077,-0.5116012651892122,-0.5761505936934956,-0.486415708123782,False,False,True,0.0,1.0,0.0,0.0,0.0
3,1,-0.08113533197997112,-0.46508427634374117,-0.46618317148792077,-0.49849984914346207,-0.5761505936934956,-0.45746996735685386,False,True,False,0.0,1.0,0.0,0.0,0.0
2,0,-0.5036882099903541,-0.46508427634374117,-0.46618317148792077,-0.44392866164711425,-0.5761505936934956,-0.33690258432766584,False,False,True,0.0,0.0,0.0,0.0,1.0
3,0,-0.8878271899997933,-0.46508427634374117,-0.46618317148792077,-0.5002364322620501,-0.5761505936934956,-0.4613067041336527,False,False,True,0.0,0.0,1.0,0.0,0.0
1,0,-0.08113533197997112,-0.46508427634374117,-0.46618317148792077,-0.017070700843111658,0.1576941696513503,-0.10688239387210258,False,False,True,0.0,0.0,1.0,0.0,0.0
3,0,0.2645897500285241,-0.46508427634374117,-0.46618317148792077,-0.49815419830690855,-0.5761505936934956,-0.4567063003245414,False,False,True,0.0,0.0,1.0,0.0,0.0
2,1,-1.6561051500186716,-0.46508427634374117,1.9217478939753856,-0.11597681371233177,0.8915389329961962,-0.417409650987113,False,False,True,0.0,1.0,0.0,0.0,0.0
3,0,-0.580516005992242,0.4783345406270387,-0.46618317148792077,-0.5116012651892122,-0.5761505936934956,-0.486415708123782,False,False,True,0.0,0.0,1.0,0.0,0.0
1,0,0.49507313803418757,-0.46508427634374117,-0.46618317148792077,-0.11311374202401227,-0.5761505936934956,0.3939865708448865,False,False,True,0.0,0.0,1.0,0.0,0.0
2,0,-0.35003261798657853,-0.46508427634374117,-0.46618317148792077,-0.3918728127685774,-0.5761505936934956,-0.2218924890998842,False,False,True,0.0,0.0,1.0,0.0,0.0
3,0,-0.8109993939979054,-0.46508427634374117,-0.46618317148792077,-0.4949433935480804,-0.5761505936934956,-0.44961247765089185,False,False,True,0.0,0.0,1.0,0.0,0.0
3,1,-0.08113533197997112,0.4783345406270387,1.9217478939753856,-0.17427936445629313,0.1576941696513503,-0.2805476376660529,False,False,True,0.0,1.0,0.0,0.0,0.0
1,0,0.49507313803418757,0.4783345406270387,1.9217478939753856,1.836117519232802,1.6253836963410422,0.560176158449031,False,False,True,0.0,0.0,1.0,0.0,0.0
2,0,-0.5036882099903541,1.4217533575978185,0.7277823612437324,-0.42310632209569954,-0.5761505936934956,-0.2908985462365532,False,False,True,0.0,0.0,1.0,0.0,0.0
3,1,-0.0427214339790272,-0.46508427634374117,4.309678959438692,-0.22373242089090317,1.6253836963410422,-0.5775612085917989,False,False,True,0.0,0.0,0.0,1.0,0.0
3,1,-2.1938997220318863,0.4783345406270387,0.7277823612437324,-0.4307418740092033,0.8915389329961962,-0.6492193985244206,False,False,True,0.0,1.0,0.0,0.0,0.0
3,0,0.41824534203229974,-0.46508427634374117,-0.46618317148792077,-0.49815419830690855,-0.5761505936934956,-0.4567063003245414,True,False,False,0.0,0.0,1.0,0.0,0.0
2,0,-0.0427214339790272,0.4783345406270387,-0.46618317148792077,-0.22529409635725928,0.1576941696513503,-0.33690258432766584,False,False,True,0.0,0.0,1.0,0.0,0.0
2,0,1.1096955060492901,0.4783345406270387,-0.46618317148792077,-0.12118239860018547,-0.5761505936934956,0.37616000608458033,False,False,True,0.0,0.0,1.0,0.0,0.0
1,0,0.49507313803418757,0.4783345406270387,-0.46618317148792077,0.9792782466920845,0.1576941696513503,0.9937642174577677,False,False,True,0.0,0.0,1.0,0.0,0.0
3,0,-0.08113533197997112,-0.46508427634374117,-0.46618317148792077,-0.49815419830690855,-0.5761505936934956,-0.4567063003245414,False,False,True,0.0,0.0,1.0,0.0,0.0
3,0,-0.08113533197997112,-0.46508427634374117,-0.46618317148792077,-0.5178479670546366,-0.5761505936934956,-0.5002169195511158,False,True,False,0.0,0.0,1.0,0.0,0.0
3,0,-0.6573438019941298,-0.46508427634374117,-0.46618317148792077,-0.5002364322620501,-0.5761505936934956,-0.4613067041336527,False,False,True,0.0,0.0,1.0,0.0,0.0
3,0,-1.041482782003569,-0.46508427634374117,-0.46618317148792077,-0.464751001198529,-0.5761505936934956,-0.38290662241877854,False,False,True,0.0,0.0,1.0,0.0,0.0
2,1,-1.8097607420224473,-0.46508427634374117,0.7277823612437324,0.024573978259717865,0.8915389329961962,-0.3139005652821095,False,False,True,0.0,1.0,0.0,0.0,0.0
3,0,0.18776195402663626,-0.46508427634374117,-0.46618317148792077,-0.4949433935480804,-0.5761505936934956,-0.44961247765089185,False,False,True,0.0,0.0,1.0,0.0,0.0
1,0,0.6487287300379633,-0.46508427634374117,-0.46618317148792077,-0.6625632269369692,-0.5761505936934956,-0.8199449842843488,False,False,True,0.0,0.0,0.0,0.0,1.0
2,1,-0.2732048219846907,0.4783345406270387,0.7277823612437324,-0.12118239860018547,-0.5761505936934956,0.37616000608458033,False,False,True,0.0,0.0,0.0,1.0,0.0
1,1,1.8779734660681684,0.4783345406270387,-0.46618317148792077,0.9671325760317444,0.1576941696513503,0.9803471397484947,True,False,False,0.0,1.0,0.0,0.0,0.0
1,0,-0.08113533197997112,-0.46508427634374117,-0.46618317148792077,0.37855375063376884,-0.5761505936934956,1.480256920271284,False,False,True,0.0,0.0,1.0,0.0,0.0
1,0,0.8023843220417389,-0.46508427634374117,-0.46618317148792077,-0.08535131670011094,-0.5761505936934956,0.455323754831767,True,False,False,0.0,0.0,0.0,0.0,1.0
2,0,0.9560399140455145,-0.46508427634374117,-0.46618317148792077,-0.3918728127685774,-0.5761505936934956,-0.2218924890998842,False,False,True,0.0,0.0,1.0,0.0,0.0
3,0,-0.11954922998091504,-0.46508427634374117,-0.46618317148792077,-0.4990204076322475,-0.5761505936934956,-0.4586200683091318,False,False,True,0.0,0.0,1.0,0.0,0.0
1,1,0.41824534203229974,0.4783345406270387,-0.46618317148792077,0.4431030032431546,0.1576941696513503,0.40146222703469236,False,False,True,0.0,0.0,0.0,1.0,0.0
3,0,-0.8878271899997933,0.4783345406270387,-0.46618317148792077,-0.5273054736788892,-0.5761505936934956,-0.5211119536520992,False,False,True,0.0,0.0,1.0,0.0,0.0
3,0,-0.8878271899997933,-0.46508427634374117,-0.46618317148792077,-0.48973780866022676,-0.5761505936934956,-0.4381114681281137,False,False,True,0.0,0.0,1.0,0.0,0.0
3,0,-1.5792773540167837,3.3085909915393783,1.9217478939753856,-0.009002044266938455,1.6253836963410422,-0.4589570478881491,False,False,True,1.0,0.0,0.0,0.0,0.0
3,0,0.49507313803418757,-0.46508427634374117,-0.46618317148792077,-0.49815419830690855,-0.5761505936934956,-0.4567063003245414,False,False,True,0.0,0.0,1.0,0.0,0.0
3,1,-2.1170719260299986,2.3651721745685985,1.9217478939753856,-0.08161995345249745,3.0930732230307343,-0.606026207160675,False,False,True,0.0,1.0,0.0,0.0,0.0
3,0,-0.35003261798657853,-0.46508427634374117,-0.46618317148792077,-0.5157657330994951,-0.5761505936934956,-0.4956165157420045,False,False,True,0.0,0.0,1.0,0.0,0.0
2,0,1.8779734660681684,-0.46508427634374117,-0.46618317148792077,-0.12118239860018547,0.1576941696513503,-0.2218924890998842,False,False,True,0.0,0.0,1.0,0.0,0.0
3,1,-1.5792773540167837,1.4217533575978185,1.9217478939753856,0.053204695142913164,1.6253836963410422,-0.4245977819388494,False,False,True,0.0,1.0,0.0,0.0,0.0
1,0,3.8754961621172517,-0.46508427634374117,-0.46618317148792077,-0.03789304039452642,-0.5761505936934956,0.560176158449031,False,False,True,0.0,0.0,1.0,0.0,0.0
1,1,0.8023843220417389,-0.46508427634374117,-0.46618317148792077,2.5328850564720184,0.8915389329961962,1.5333532475681102,False,False,True,0.0,1.0,0.0,0.0,0.0
1,1,0.8792121180436268,-0.46508427634374117,-0.46618317148792077,2.138041442728316,0.1576941696513503,2.2738265773429776,True,False,False,0.0,1.0,0.0,0.0,0.0
2,1,-0.42686041398846636,0.4783345406270387,-0.46618317148792077,-0.12118239860018547,0.1576941696513503,-0.2218924890998842,False,False,True,0.0,0.0,0.0,1.0,0.0
3,0,-0.580516005992242,-0.46508427634374117,-0.46618317148792077,-0.4751621709742364,-0.5761505936934956,-0.40590864146433486,False,False,True,0.0,0.0,1.0,0.0,0.0
1,1,-0.9646549860016811,0.4783345406270387,-0.46618317148792077,0.5243101274936721,0.1576941696513503,0.491170101312362,False,False,True,0.0,0.0,0.0,1.0,0.0
3,1,1.186523302051178,0.4783345406270387,4.309678959438692,-0.08161995345249745,3.0930732230307343,-0.606026207160675,False,False,True,0.0,0.0,0.0,1.0,0.0
3,0,-0.7341715979960176,-0.46508427634374117,-0.46618317148792077,-0.5157657330994951,-0.5761505936934956,-0.4956165157420045,False,False,True,0.0,0.0,1.0,0.0,0.0
1,1,1.7243178740643927,0.4783345406270387,-0.46618317148792077,0.9671325760317444,0.1576941696513503,0.9803471397484947,True,False,False,0.0,0.0,0.0,1.0,0.0
3,0,0.41824534203229974,-0.46508427634374117,-0.46618317148792077,-0.5157657330994951,-0.5761505936934956,-0.4956165157420045,False,False,True,0.0,0.0,1.0,0.0,0.0
3,0,0.03410636202286062,-0.46508427634374117,-0.46618317148792077,-0.5120343698518817,-0.5761505936934956,-0.4873725921160772,True,False,False,0.0,0.0,1.0,0.0,0.0
3,0,-0.08113533197997112,1.4217533575978185,-0.46618317148792077,-0.21115156333393834,-0.5761505936934956,0.17738575830050085,True,False,False,0.0,0.0,1.0,0.0,0.0
1,0,0.6487287300379633,0.4783345406270387,-0.46618317148792077,1.2114473326903592,0.1576941696513503,1.2502367298157209,False,False,True,0.0,0.0,1.0,0.0,0.0
3,1,-0.08113533197997112,0.4783345406270387,-0.46618317148792077,-0.36159296659291,0.1576941696513503,-0.48746920059606846,True,False,False,0.0,1.0,0.0,0.0,0.0
1,0,0.7255565260398511,-0.46508427634374117,-0.46618317148792077,-0.6625632269369692,-0.5761505936934956,-0.8199449842843488,False,False,True,0.0,0.0,1.0,0.0,0.0
1,1,0.11093415802474844,0.4783345406270387,-0.46618317148792077,1.696087285749538,0.8915389329961962,0.9170908206392466,True,False,False,0.0,1.0,0.0,0.0,0.0
3,0,-0.580516005992242,-0.46508427634374117,-0.46618317148792077,-0.5059625756386891,-0.5761505936934956,-0.4739578146087086,False,False,True,0.0,0.0,1.0,0.0,0.0
3,0,-0.7341715979960176,-0.46508427634374117,-0.46618317148792077,-0.4975461859920073,-0.5761505936934956,-0.45536298241228096,False,False,True,0.0,0.0,1.0,0.0,0.0
1,1,-0.580516005992242,-0.46508427634374117,-0.46618317148792077,2.493062332079938,1.6253836963410422,0.9230330088926822,False,False,True,0.0,1.0,0.0,0.0,0.0
3,1,-0.2732048219846907,-0.46508427634374117,-0.46618317148792077,-0.4990204076322475,-0.5761505936934956,-0.4586200683091318,False,False,True,0.0,1.0,0.0,0.0,0.0
3,1,-1.1183105780054567,-0.46508427634374117,-0.46618317148792077,-0.5121218236779976,-0.5761505936934956,-0.48756580907605984,True,False,False,0.0,1.0,0.0,0.0,0.0
3,0,0.18776195402663626,0.4783345406270387,-0.46618317148792077,-0.3325291450470453,0.1576941696513503,-0.45536298241228096,False,False,True,0.0,0.0,1.0,0.0,0.0
1,1,0.03410636202286062,-0.46508427634374117,-0.46618317148792077,1.1385691442604076,0.8915389329961962,0.5065047806760662,False,False,True,0.0,1.0,0.0,0.0,0.0
2,1,0.3414175460304119,-0.46508427634374117,0.7277823612437324,-0.18364941725442976,0.1576941696513503,-0.2908985462365532,False,False,True,0.0,0.0,0.0,1.0,0.0
3,1,-0.08113533197997112,-0.46508427634374117,-0.46618317148792077,-0.5011900954135049,-0.5761505936934956,-0.46341368907822567,False,True,False,0.0,1.0,0.0,0.0,0.0
3,0,-2.1938997220318863,0.4783345406270387,1.9217478939753856,-0.23414359066661056,0.1576941696513503,-0.34667844242202733,False,False,True,1.0,0.0,0.0,0.0,0.0
2,0,-0.11954922998091504,-0.46508427634374117,-0.46618317148792077,-0.38146164299287,-0.5761505936934956,-0.1988904700543279,False,False,True,0.0,0.0,1.0,0.0,0.0
1,1,0.03410636202286062,-0.46508427634374117,-0.46618317148792077,1.2843255211203108,0.1576941696513503,1.330743796475168,False,False,True,0.0,1.0,0.0,0.0,0.0
3,0,-0.580516005992242,-0.46508427634374117,-0.46618317148792077,-0.5116012651892122,-0.5761505936934956,-0.486415708123782,False,False,True,0.0,0.0,1.0,0.0,0.0
3,1,-0.6573438019941298,1.4217533575978185,1.9217478939753856,0.053204695142913164,1.6253836963410422,-0.4245977819388494,False,False,True,0.0,1.0,0.0,0.0,0.0
2,0,0.49507313803418757,-0.46508427634374117,-0.46618317148792077,-0.3944756052125042,-0.5761505936934956,-0.2276429938612733,True,False,False,0.0,0.0,1.0,0.0,0.0
3,0,0.8023843220417389,-0.46508427634374117,-0.46618317148792077,-0.49815419830690855,-0.5761505936934956,-0.4567063003245414,False,False,True,0.0,0.0,1.0,0.0,0.0
2,0,-2.1938997220318863,-0.46508427634374117,1.9217478939753856,0.10795079029149279,0.1576941696513503,0.031226328881226676,True,False,False,1.0,0.0,0.0,0.0,0.0
3,0,0.8023843220417389,0.4783345406270387,0.7277823612437324,-0.33981696389004046,0.1576941696513503,-0.46341368907822567,False,True,False,0.0,0.0,1.0,0.0,0.0
3,1,-0.11954922998091504,-0.46508427634374117,-0.46618317148792077,-0.49815419830690855,-0.5761505936934956,-0.4567063003245414,False,False,True,0.0,1.0,0.0,0.0,0.0
2,1,0.8023843220417389,-0.46508427634374117,-0.46618317148792077,-0.3918728127685774,-0.5761505936934956,-0.2218924890998842,False,False,True,0.0,1.0,0.0,0.0,0.0
3,1,-0.08113533197997112,-0.46508427634374117,-0.46618317148792077,-0.5015378284840135,-0.5761505936934956,-0.4641819565143473,False,True,False,0.0,1.0,0.0,0.0,0.0
3,0,-0.19637702598280285,-0.46508427634374117,-0.46618317148792077,-0.49815419830690855,-0.5761505936934956,-0.4567063003245414,False,False,True,0.0,0.0,1.0,0.0,0.0
1,1,-0.42686041398846636,-0.46508427634374117,-0.46618317148792077,1.0689871321814448,0.1576941696513503,1.092863816111738,True,False,False,0.0,1.0,0.0,0.0,0.0
2,1,-1.886588538024335,0.4783345406270387,1.9217478939753856,-0.08474330438520963,0.8915389329961962,-0.3944076319415567,False,False,True,0.0,1.0,0.0,0.0,0.0
3,0,0.3414175460304119,-0.46508427634374117,-0.46618317148792077,-0.5273054736788892,-0.5761505936934956,-0.5211119536520992,False,False,True,0.0,0.0,1.0,0.0,0.0
1,1,-0.5036882099903541,0.4783345406270387,-0.46618317148792077,1.696087285749538,0.8915389329961962,0.9170908206392466,True,False,False,0.0,1.0,0.0,0.0,0.0
3,0,3.1456321000993173,-0.46508427634374117,-0.46618317148792077,-0.5011900954135049,-0.5761505936934956,-0.46341368907822567,False,True,False,0.0,0.0,1.0,0.0,0.0
3,1,-0.9646549860016811,3.3085909915393783,1.9217478939753856,-0.4975461859920073,-0.5761505936934956,-0.45536298241228096,False,False,True,0.0,1.0,0.0,0.0,0.0
1,1,-1.041482782003569,-0.46508427634374117,0.7277823612437324,0.5446993623824175,0.1576941696513503,0.5136936783617707,True,False,False,0.0,1.0,0.0,0.0,0.0
3,0,-0.8109993939979054,-0.46508427634374117,-0.46618317148792077,-0.49268833417466223,-0.5761505936934956,-0.44463024032562437,False,False,True,0.0,0.0,1.0,0.0,0.0
3,0,-0.35003261798657853,-0.46508427634374117,-0.46618317148792077,-0.5116012651892122,-0.5761505936934956,-0.486415708123782,False,False,True,0.0,0.0,1.0,0.0,0.0
1,1,-0.35003261798657853,0.4783345406270387,1.9217478939753856,2.493062332079938,1.6253836963410422,0.9230330088926822,False,False,True,0.0,0.0,0.0,1.0,0.0
1,0,0.9560399140455145,0.4783345406270387,-0.46618317148792077,0.4201984297365983,0.1576941696513503,0.37616000608458033,False,False,True,0.0,0.0,1.0,0.0,0.0
3,0,-0.6573438019941298,-0.46508427634374117,-0.46618317148792077,-0.4975461859920073,-0.5761505936934956,-0.45536298241228096,False,False,True,0.0,0.0,1.0,0.0,0.0
3,0,-0.08113533197997112,-0.46508427634374117,-0.46618317148792077,-0.49815419830690855,-0.5761505936934956,-0.4567063003245414,False,False,True,0.0,0.0,1.0,0.0,0.0
2,0,-0.08113533197997112,-0.46508427634374117,-0.46618317148792077,-0.6625632269369692,0.8915389329961962,-0.8199449842843488,False,False,True,0.0,0.0,1.0,0.0,0.0
1,1,-1.1183105780054567,-0.46508427634374117,0.7277823612437324,3.7379779580101484,0.8915389329961962,2.420847815742492,False,False,True,0.0,1.0,0.0,0.0,0.0
3,0,1.186523302051178,-0.46508427634374117,-0.46618317148792077,-0.5173274085658514,-0.5761505936934956,-0.499066818598838,False,False,True,0.0,0.0,1.0,0.0,0.0
3,0,-0.08113533197997112,0.4783345406270387,-0.46618317148792077,-0.24680981981573616,-0.5761505936934956,0.09860384306947031,False,False,True,0.0,0.0,1.0,0.0,0.0
3,0,-0.35003261798657853,0.4783345406270387,-0.46618317148792077,-0.5006695369247195,-0.5761505936934956,-0.46226358812594787,False,False,True,0.0,0.0,1.0,0.0,0.0
1,0,0.2645897500285241,-0.46508427634374117,-0.46618317148792077,-0.5584515291798955,-0.5761505936934956,-0.5899247938287855,False,False,True,0.0,0.0,1.0,0.0,0.0
2,1,-0.11954922998091504,-0.46508427634374117,-0.46618317148792077,-0.3918728127685774,-0.5761505936934956,-0.2218924890998842,False,False,True,0.0,1.0,0.0,0.0,0.0
2,0,0.18776195402663626,1.4217533575978185,-0.46618317148792077,0.8678787300920157,2.3592284596858883,-0.14368562434499274,False,False,True,0.0,0.0,1.0,0.0,0.0
1,0,-0.2732048219846907,-0.46508427634374117,-0.46618317148792077,-0.03789304039452642,-0.5761505936934956,0.560176158449031,True,False,False,0.0,0.0,1.0,0.0,0.0
3,0,0.5719009340360754,1.4217533575978185,-0.46618317148792077,-0.4975461859920073,-0.5761505936934956,-0.45536298241228096,False,False,True,0.0,0.0,1.0,0.0,0.0
1,1,1.570662282060617,-0.46508427634374117,-0.46618317148792077,-0.06470180256697296,-0.5761505936934956,0.5009459594067234,True,False,False,0.0,1.0,0.0,0.0,0.0
1,0,1.570662282060617,0.4783345406270387,-0.46618317148792077,1.5534542598223466,0.1576941696513503,1.6280448926389834,True,False,False,0.0,0.0,1.0,0.0,0.0
3,1,-0.08113533197997112,-0.46508427634374117,-0.46618317148792077,-0.49312143883733167,-0.5761505936934956,-0.4455871243179196,False,True,False,0.0,1.0,0.0,0.0,0.0
2,0,0.3414175460304119,0.4783345406270387,-0.46618317148792077,-0.22529409635725928,0.1576941696513503,-0.33690258432766584,False,False,True,0.0,0.0,1.0,0.0,0.0
3,1,-0.08113533197997112,-0.46508427634374117,-0.46618317148792077,-0.49849984914346207,-0.5761505936934956,-0.45746996735685386,False,True,False,0.0,1.0,0.0,0.0,0.0
1,1,0.41824534203229974,-0.46508427634374117,-0.46618317148792077,10.005329337567716,0.8915389329961962,7.0364590263787425,True,False,False,0.0,1.0,0.0,0.0,0.0
3,1,1.4170066900568414,0.4783345406270387,3.1157134267070385,0.053204695142913164,1.6253836963410422,-0.4245977819388494,False,False,True,0.0,0.0,0.0,1.0,0.0
1,0,1.3401788940549537,-0.46508427634374117,-0.46618317148792077,0.13909684579249906,-0.5761505936934956,0.9512104822234886,False,False,True,0.0,0.0,1.0,0.0,0.0
1,0,-0.08113533197997112,-0.46508427634374117,-0.46618317148792077,-0.10973011184690733,-0.5761505936934956,0.40146222703469236,False,False,True,0.0,0.0,1.0,0.0,0.0
